origin,destination,class,CO2 in grams
DUS,CDG,economy,61362
MUC,CDG,economy,82800
CGN,TXL,economy,67215
LHR,CGN,economy,72607
HAM,CGN,economy,58798
LEJ,CGN,economy,58526
DUS,MAN,economy,81069
DUS,MAN,economy,81069
LEJ,CGN,economy,58526
FRA,TXL,economy,64644
CGN,MUC,economy,64971
TXL,DUS,economy,67608
CGN,MUC,economy,64971
MUC,FRA,economy,52565
MUC,CGN,economy,64971
MUC,CGN,economy,64971
MAN,DUS,economy,81069
MAN,DUS,economy,81069
CGN,HAM,economy,58798
FRA,MUC,economy,52565
CDG,TXL,economy,93543
CDG,DUS,economy,61362
CDG,DUS,economy,61362
FRA,TXL,economy,64644
TXL,CGN,economy,67215
DRS,FRA,economy,60841
CGN,TXL,economy,67215
CDG,DUS,economy,61362
CGN,TXL,economy,67215
CGN,MUC,economy,64971
CGN,HAM,economy,58798
MUC,CGN,economy,64971
CGN,TXL,economy,67215
DUS,HAM,economy,56582
CGN,ZRH,economy,61276
CGN,MUC,economy,64971
CGN,MUC,economy,64971
TXL,CGN,economy,67215
HAM,MUC,economy,77315
CGN,MUC,economy,64971
CGN,TXL,economy,67215
CGN,TXL,economy,67215
TXL,CGN,economy,67215
CGN,MUC,economy,64971
CDG,ZRH,economy,68232
FRA,HAM,economy,62983
HAM,CGN,economy,58798
CGN,MUC,economy,64971
ZRH,CGN,economy,61276
CGN,MUC,economy,64971
MUC,DUS,economy,68928
ZRH,MUC,economy,48524
LHR,DUS,economy,70149
CGN,HAM,economy,58798
DUS,LEJ,economy,60227
CGN,STN,economy,69465
CGN,HAM,economy,58798
FRA,WRO,economy,77176
FRA,WRO,economy,77176
FRA,WRO,economy,77176
TXL,CGN,economy,67215
TXL,CGN,economy,67215
LHR,CGN,economy,72607
MUC,HAM,economy,77315
HAM,CGN,economy,58798
CGN,HAM,economy,58798
EDI,FRA,economy,104547
EDI,FRA,economy,104547
MUC,CGN,economy,64971
MUC,CGN,economy,64971
TXL,MUC,economy,68465
CGN,TXL,economy,67215
CGN,HAM,economy,58798
CGN,TXL,economy,67215
CGN,MUC,economy,64971
CGN,MUC,economy,64971
HAM,CGN,economy,58798
HAM,MUC,economy,77315
CGN,TXL,economy,67215
CGN,TXL,economy,67215
CGN,HAM,economy,58798
CGN,TXL,economy,67215
CGN,TXL,economy,67215
HAM,CGN,economy,58798
CGN,TXL,economy,67215
DUS,TXL,economy,67608
TXL,CGN,economy,67215
MUC,CGN,economy,64971
CGN,MUC,economy,64971
TXL,FRA,economy,64644
WRO,FRA,economy,77176
WRO,FRA,economy,77176
MUC,CGN,economy,64971
WRO,FRA,economy,77176
CGN,TXL,economy,67215
TXL,CGN,economy,67215
CGN,MUC,economy,64971
TXL,DUS,economy,67608
CGN,TXL,economy,67215
TXL,CGN,economy,67215
MUC,CGN,economy,64971
HAM,MUC,economy,77315
TXL,CGN,economy,67215
MUC,CGN,economy,64971
CGN,MUC,economy,64971
CGN,HAM,economy,58798
TXL,SCN,economy,75206
TXL,CGN,economy,67215
TXL,CGN,economy,67215
CDG,LIN,economy,80329
TXL,DUS,economy,67608
CGN,TXL,economy,67215
MUC,CGN,economy,64971
FRA,TXL,economy,64644
MUC,CGN,economy,64971
MUC,CGN,economy,64971
FRA,TXL,economy,64644
HAM,CGN,economy,58798
MUC,CGN,economy,64971
CGN,LHR,economy,72607
MXP,DUS,economy,80397
CGN,MUC,economy,64971
SCN,TXL,economy,75206
CGN,TXL,economy,67215
HAM,FRA,economy,62983
TXL,CGN,economy,67215
CGN,MUC,economy,64971
HAM,FRA,economy,62983
CGN,MUC,economy,64971
FRA,HAM,economy,62983
CGN,TXL,economy,67215
CGN,MUC,economy,64971
FRA,MUC,economy,52565
FRA,HAM,economy,62983
DUS,LEJ,economy,60227
LGW,CGN,economy,71052
FRA,EDI,economy,104547
CGN,EDI,economy,96355
HAM,CGN,economy,58798
CGN,HAM,economy,58798
LEJ,CGN,economy,58526
CGN,HAM,economy,58798
HAM,CGN,economy,58798
LEJ,MUC,economy,56864
CGN,MUC,economy,64971
MUC,CGN,economy,64971
CGN,ZRH,economy,61276
DUS,NUE,economy,58888
NUE,CIA,economy,94403
LEJ,CGN,economy,58526
DUS,MUC,economy,68928
DUS,HAM,economy,56582
HAM,MUC,economy,77315
MUC,CGN,economy,64971
FRA,TXL,economy,64644
MUC,CGN,economy,64971
CGN,MUC,economy,64971
CGN,MUC,economy,64971
MUC,DUS,economy,68928
CGN,LEJ,economy,58526
FRA,FCO,economy,100092
DUS,FCO,economy,110464
MUC,CGN,economy,64971
MUC,FCO,economy,85932
MUC,CGN,economy,64971
HAM,MUC,economy,77315
TXL,MUC,economy,68465
MUC,CGN,economy,64971
MUC,CGN,economy,64971
HAM,MUC,economy,77315
HAM,MUC,economy,77315
CGN,MUC,economy,64971
DTM,MUC,economy,67057
HAM,MUC,economy,77315
HAM,MUC,economy,77315
HAM,MUC,economy,77315
CGN,MUC,economy,64971
FCO,DUS,economy,110464
FCO,FRA,economy,100092
FCO,FRA,economy,100092
FCO,FRA,economy,100092
MUC,HAM,economy,77315
CGN,TXL,economy,67215
CGN,MUC,economy,64971
MUC,DUS,economy,68928
CGN,MUC,economy,64971
DRS,CGN,economy,67294
CGN,MUC,economy,64971
CGN,MUC,economy,64971
CGN,MUC,economy,64971
MUC,HAM,economy,77315
MUC,CGN,economy,64971
CGN,MUC,economy,64971
MUC,CGN,economy,64971
CGN,MUC,economy,64971
MUC,CGN,economy,64971
MUC,CGN,economy,64971
CGN,MUC,economy,64971
MUC,HAM,economy,77315
MUC,CGN,economy,64971
CGN,MUC,economy,64971
CGN,TXL,economy,67215
MUC,CGN,economy,64971
CGN,TXL,economy,67215
MUC,DUS,economy,68928
MUC,HAM,economy,77315
MUC,HAM,economy,77315
MUC,HAM,economy,77315
CGN,MUC,economy,64971
TXL,CGN,economy,67215
GWT,DUS,economy,63402
CGN,TXL,economy,67215
TXL,FRA,economy,64644
DUS,GWT,economy,63402
CGN,LEJ,economy,58526
LEJ,DUS,economy,60227
CGN,MUC,economy,64971
CGN,LEJ,economy,58526
CGN,LEJ,economy,58526
CGN,LEJ,economy,58526
CGN,PMI,economy,120292
FMO,PMI,economy,128670
MUC,HAM,economy,77315
DUS,LEJ,economy,60227
DRS,PMI,economy,112862
STR,PMI,economy,110755
CGN,PMI,economy,120292
TXL,CGN,economy,67215
CGN,HAM,economy,58798
CGN,MUC,economy,64971
MUC,CGN,economy,64971
PMI,DRS,economy,112862
STR,HAM,economy,73844
PMI,FMM,economy,109298
PMI,FMO,economy,128670
LEJ,DUS,economy,60227
HAM,CGN,economy,58798
NCE,ZRH,economy,64971
ZRH,HAM,economy,83590
CGN,TXL,economy,67215
CGN,TXL,economy,67215
PMI,STR,economy,110755
HAM,NCE,economy,110056
HAM,FRA,economy,62983
DUS,CDG,economy,61362
TXL,CGN,economy,67215
HAM,CGN,economy,58798
CGN,MUC,economy,64971
DUS,CDG,economy,61362
DUS,VIE,economy,89687
MUC,CGN,economy,64971
TXL,CGN,economy,67215
DUS,VIE,economy,89687
TXL,DUS,economy,67608
CGN,TXL,economy,67215
CGN,LHR,economy,72607
CGN,LHR,economy,72607
VIE,DUS,economy,89687
CGN,HAM,economy,58798
TXL,DUS,economy,67608
VIE,TXL,economy,73482
TXL,CGN,economy,67215
CGN,LEJ,economy,58526
CDG,DUS,economy,61362
CGN,TXL,economy,67215
TXL,CGN,economy,67215
DUS,STR,economy,56394
TXL,CGN,economy,67215
TXL,DUS,economy,67608
TXL,CGN,economy,67215
FRA,TXL,economy,64644
MUC,HAM,economy,77315
MUC,CGN,economy,64971
DUS,HAM,economy,56582
NUE,DUS,economy,58888
MUC,CGN,economy,64971
CGN,MUC,economy,64971
HAM,FRA,economy,62983
MUC,DUS,economy,68928
CGN,TXL,economy,67215
CGN,MUC,economy,64971
CGN,MUC,economy,64971
HAM,MUC,economy,77315
MUC,HAM,economy,77315
HAM,CGN,economy,58798
CGN,MUC,economy,64971
MUC,TXL,economy,68465
CGN,MUC,economy,64971
LHR,CGN,economy,72607
MUC,CGN,economy,64971
FRA,TXL,economy,64644
FRA,MUC,economy,52565
CGN,MUC,economy,64971
HAM,CGN,economy,58798
CGN,MUC,economy,64971
MUC,CGN,economy,64971
TXL,CDG,economy,93543
ZRH,TXL,economy,81337
DUS,CDG,economy,61362
TXL,FRA,economy,64644
CGN,MUC,economy,64971
CGN,MUC,economy,64971
CGN,MUC,economy,64971
MUC,CGN,economy,64971
MUC,CGN,economy,64971
MUC,CGN,economy,64971
NUE,DUS,economy,58888
CGN,BRS,economy,83393
MUC,CGN,economy,64971
FRA,MUC,economy,52565
TXL,CGN,economy,67215
MUC,CGN,economy,64971
FRA,FCO,economy,100092
MUC,FCO,economy,85932
FRA,HAM,economy,62983
CDG,DUS,economy,61362
TXL,CGN,economy,67215
TXL,CGN,economy,67215
MUC,CGN,economy,64971
MUC,FRA,economy,52565
FRA,MUC,economy,52565
CGN,MUC,economy,64971
CGN,MUC,economy,64971
FCO,BLQ,economy,54072
MXP,CGN,economy,76827
BLQ,DUS,economy,91874
FCO,MXP,economy,70827
TXL,CGN,economy,67215
TXL,CGN,economy,67215
CGN,MUC,economy,64971
MXP,CGN,economy,76827
FCO,MXP,economy,70827
CDG,TXL,economy,93543
LEJ,CGN,economy,58526
CGN,MUC,economy,64971
CGN,TXL,economy,67215
CGN,TXL,economy,67215
CGN,TXL,economy,67215
FCO,MXP,economy,70827
FCO,MXP,economy,70827
MXP,CGN,economy,76827
CGN,MUC,economy,64971
CGN,TXL,economy,67215
DTM,MUC,economy,67057
CGN,TXL,economy,67215
CGN,TXL,economy,67215
TXL,MUC,economy,68465
CGN,HAM,economy,58798
LHR,CGN,economy,72607
LHR,CGN,economy,72607
CGN,LEJ,economy,58526
CGN,ZRH,economy,61276
CGN,TXL,economy,67215
TXL,CGN,economy,67215
TXL,CGN,economy,67215
MUC,CGN,economy,64971
MUC,CGN,economy,64971
HAM,CGN,economy,58798
MUC,CGN,economy,64971
CGN,HAM,economy,58798
TXL,CGN,economy,67215
TXL,CGN,economy,67215
DUS,MUC,economy,68928
MUC,CGN,economy,64971
CGN,MUC,economy,64971
MUC,DUS,economy,68928
DUS,MAN,economy,81069
DUS,MAN,economy,81069
DUS,MAN,economy,81069
DUS,MAN,economy,81069
DUS,MAN,economy,81069
DUS,MAN,economy,81069
DUS,MAN,economy,81069
DUS,MAN,economy,81069
DUS,MAN,economy,81069
DUS,MAN,economy,81069
DUS,MAN,economy,81069
DUS,MAN,economy,81069
TXL,MAN,economy,105195
DUS,MAN,economy,81069
DUS,ZRH,economy,65700
LHR,CGN,economy,72607
CGN,ZRH,economy,61276
TXL,FRA,economy,64644
TXL,CGN,economy,67215
MUC,DUS,economy,68928
TXL,CGN,economy,67215
DUS,MUC,economy,68928
CGN,TXL,economy,67215
DUS,MAN,economy,81069
ZRH,CGN,economy,61276
MAN,FRA,economy,92432
ZRH,MAN,economy,103009
ZRH,TXL,economy,81337
CGN,LHR,economy,72607
CGN,LHR,economy,72607
CGN,LHR,economy,72607
MAN,DUS,economy,81069
MAN,DUS,economy,81069
MAN,DUS,economy,81069
MAN,DUS,economy,81069
MAN,DUS,economy,81069
MAN,DUS,economy,81069
MAN,DUS,economy,81069
MAN,DUS,economy,81069
MAN,DUS,economy,81069
MAN,DUS,economy,81069
LPL,SXF,economy,108598
MAN,DUS,economy,81069
MAN,DUS,economy,81069
CGN,MUC,economy,64971
DUS,MUC,economy,68928
MUC,DUS,economy,68928
HAM,PMI,economy,120968
CGN,TXL,economy,67215
CGN,PMI,economy,120292
TXL,CGN,economy,67215
CGN,HAM,economy,58798
DUS,MUC,economy,68928
DUS,MUC,economy,68928
TXL,FRA,economy,64644
PMI,CGN,economy,120292
FRA,TXL,economy,64644
FRA,TXL,economy,64644
FRA,TXL,economy,64644
FRA,BRS,economy,90940
HAM,CGN,economy,58798
MUC,CGN,economy,64971
CGN,MUC,economy,64971
TXL,DUS,economy,67608
CGN,LEJ,economy,58526
HAM,DUS,economy,56582
HAM,NUE,economy,67373
CGN,LEJ,economy,58526
DUS,MUC,economy,68928
FRA,TXL,economy,64644
TXL,FRA,economy,64644
FRA,TXL,economy,64644
TXL,FRA,economy,64644
CGN,TXL,economy,67215
MUC,TXL,economy,68465
FRA,HAM,economy,62983
HAM,FRA,economy,62983
TXL,CGN,economy,67215
TXL,FRA,economy,64644
FRA,TXL,economy,64644
MUC,CGN,economy,64971
CGN,HAM,economy,58798
MUC,HAM,economy,77315
HAM,FRA,economy,62983
HAM,CGN,economy,58798
TXL,CGN,economy,67215
MUC,CGN,economy,64971
CGN,TXL,economy,67215
TXL,CGN,economy,67215
TXL,CGN,economy,67215
TXL,DUS,economy,67608
DUS,MAN,economy,81069
DUS,MAN,economy,81069
DUS,DRS,economy,69082
LEJ,DUS,economy,60227
CGN,MUC,economy,64971
CGN,MUC,economy,64971
CGN,MUC,economy,64971
MAN,DUS,economy,81069
MAN,DUS,economy,81069
MAN,DUS,economy,81069
MAN,DUS,economy,81069
MAN,DUS,economy,81069
MAN,DUS,economy,81069
MAN,DUS,economy,81069
MAN,DUS,economy,81069
MAN,FRA,economy,92432
MUC,CGN,economy,64971
MUC,CGN,economy,64971
CGN,MUC,economy,64971
CGN,TXL,economy,67215
FRA,LHR,economy,81002
LHR,FRA,economy,81002
FRA,TXL,economy,64644
HAM,DUS,economy,56582
MUC,CGN,economy,64971
MUC,CGN,economy,64971
MUC,CGN,economy,64971
CGN,MUC,economy,64971
CGN,MUC,economy,64971
CGN,MUC,economy,64971
DUS,FAO,economy,144510
MUC,CGN,economy,64971
MUC,CGN,economy,64971
MUC,CGN,economy,64971
MUC,CGN,economy,64971
CGN,MUC,economy,64971
CGN,MUC,economy,64971
CGN,MUC,economy,64971
MUC,DUS,economy,68928
DUS,LEJ,economy,60227
LEJ,DUS,economy,60227
FMO,PMI,economy,128670
CGN,PMI,economy,120292
PMI,FMM,economy,109298
MUC,CGN,economy,64971
TXL,CGN,economy,67215
CGN,PMI,economy,120292
PMI,FRA,economy,117298
MUC,CGN,economy,64971
TXL,CGN,economy,67215
FRA,TXL,economy,64644
CGN,TXL,economy,67215
CGN,TXL,economy,67215
CGN,MUC,economy,64971
TXL,CGN,economy,67215
CGN,TXL,economy,67215
HAM,DUS,economy,56582
TXL,CGN,economy,67215
MUC,CGN,economy,64971
MUC,CGN,economy,64971
CGN,TXL,economy,67215
CGN,MUC,economy,64971
CGN,MUC,economy,64971
MUC,CGN,economy,64971
DUS,MUC,economy,68928
CGN,MUC,economy,64971
TXL,FRA,economy,64644
MUC,CGN,economy,64971
MUC,CGN,economy,64971
MUC,CGN,economy,64971
MUC,CGN,economy,64971
CGN,MUC,economy,64971
CGN,MUC,economy,64971
MUC,DUS,economy,68928
HAM,CGN,economy,58798
CGN,MUC,economy,64971
CGN,MUC,economy,64971
TXL,FRA,economy,64644
CGN,MUC,economy,64971
CGN,MUC,economy,64971
MUC,CGN,economy,64971
MUC,CGN,economy,64971
HAM,NUE,economy,67373
MUC,CGN,economy,64971
MUC,HAM,economy,77315
CGN,HAM,economy,58798
CGN,MUC,economy,64971
TXL,DUS,economy,67608
CGN,HAM,economy,58798
MUC,CGN,economy,64971
MUC,CGN,economy,64971
CGN,TXL,economy,67215
TXL,CGN,economy,67215
CGN,TXL,economy,67215
DRS,DUS,economy,69082
CGN,MUC,economy,64971
FRA,DRS,economy,60841
CGN,MUC,economy,64971
FRA,HAM,economy,62983
CGN,LEJ,economy,58526
HAM,MUC,economy,77315
TXL,CGN,economy,67215
MUC,CGN,economy,64971
CGN,MUC,economy,64971
MUC,CGN,economy,64971
FRA,MUC,economy,52565
CGN,TXL,economy,67215
CGN,MUC,economy,64971
MUC,CGN,economy,64971
HAM,FRA,economy,62983
CGN,MUC,economy,64971
HAM,CGN,economy,58798
CGN,MUC,economy,64971
CGN,TXL,economy,67215
CGN,MUC,economy,64971
LEJ,DUS,economy,60227
DRS,DUS,economy,69082
MUC,CGN,economy,64971
TXL,CGN,economy,67215
CGN,DRS,economy,67294
MUC,CGN,economy,64971
CGN,TXL,economy,67215
CGN,MUC,economy,64971
CGN,MUC,economy,64971
CGN,MUC,economy,64971
CGN,MUC,economy,64971
MUC,CGN,economy,64971
MUC,CGN,economy,64971
DUS,MUC,economy,68928
MUC,CGN,economy,64971
DTM,MUC,economy,67057
TXL,CGN,economy,67215
CGN,TXL,economy,67215
CGN,HAM,economy,58798
CGN,MUC,economy,64971
CGN,MUC,economy,64971
MUC,CGN,economy,64971
CGN,MUC,economy,64971
MUC,CGN,economy,64971
CGN,MUC,economy,64971
DUS,TXL,economy,67608
HAM,MUC,economy,77315
HAM,CGN,economy,58798
HAM,DUS,economy,56582
CGN,HAM,economy,58798
HAM,CGN,economy,58798
HAM,CGN,economy,58798
CGN,HAM,economy,58798
MUC,CGN,economy,64971
FRA,HAM,economy,62983
MUC,CGN,economy,64971
MUC,CGN,economy,64971
MUC,FRA,economy,52565
CGN,HAM,economy,58798
CGN,MUC,economy,64971
CGN,MUC,economy,64971
BER,CGN,economy,67686
HAM,CGN,economy,58798
CGN,HAM,economy,58798
CGN,HAM,economy,58798
CGN,HAM,economy,58798
CGN,BER,economy,67686
CGN,MUC,economy,64971
CGN,MUC,economy,64971
MUC,CGN,economy,64971
MUC,CGN,economy,64971
MUC,CGN,economy,64971
CGN,MUC,economy,64971
CGN,MUC,economy,64971
BER,CGN,economy,67686
MUC,CGN,economy,64971
CGN,MUC,economy,64971
HAM,MUC,economy,77315
NUE,HAM,economy,67373
TXL,CGN,economy,67215
CGN,TXL,economy,67215
CGN,MUC,economy,64971
DUS,HAM,economy,56582
STR,PMI,economy,110755
TXL,CGN,economy,67215
TXL,CGN,economy,67215
CGN,TXL,economy,67215
CGN,HAM,economy,58798
HAM,CGN,economy,58798
HAM,CGN,economy,58798
HAM,NUE,economy,67373
HAM,STR,economy,73844
DUS,PMI,economy,122475
TXL,CGN,economy,67215
CGN,TXL,economy,67215
CGN,TXL,economy,67215
CGN,TXL,economy,67215
CGN,TXL,economy,67215
CGN,HAM,economy,58798
CGN,LEJ,economy,58526
DUS,TXL,economy,67608
DUS,HAM,economy,56582
DUS,MUC,economy,68928
HAM,CGN,economy,58798
HAM,CGN,economy,58798
HAM,CGN,economy,58798
TXL,CGN,economy,67215
CGN,TXL,economy,67215
CGN,HAM,economy,58798
CGN,HAM,economy,58798
CGN,LEJ,economy,58526
CGN,MUC,economy,64971
CGN,MUC,economy,64971
CGN,MUC,economy,64971
CGN,MUC,economy,64971
CGN,MUC,economy,64971
DUS,TXL,economy,67608
DUS,TXL,economy,67608
HAM,CGN,economy,58798
HAM,CGN,economy,58798
HAM,CGN,economy,58798
HAM,CGN,economy,58798
MUC,CGN,economy,64971
MUC,CGN,economy,64971
TXL,CGN,economy,67215
TXL,CGN,economy,67215
TXL,CGN,economy,67215
CGN,TXL,economy,67215
CGN,MUC,economy,64971
CGN,MUC,economy,64971
CGN,MUC,economy,64971
DUS,HAM,economy,56582
DUS,HAM,economy,56582
HAM,CGN,economy,58798
HAM,CGN,economy,58798
TXL,CGN,economy,67215
TXL,CGN,economy,67215
CGN,TXL,economy,67215
CGN,TXL,economy,67215
CGN,TXL,economy,67215
CGN,HAM,economy,58798
CGN,HAM,economy,58798
CGN,HAM,economy,58798
CGN,HAM,economy,58798
CGN,HAM,economy,58798
CGN,MUC,economy,64971
CGN,MUC,economy,64971
CGN,MUC,economy,64971
DUS,HAM,economy,56582
HAM,CGN,economy,58798
HAM,CGN,economy,58798
HAM,CGN,economy,58798
MUC,CGN,economy,64971
MUC,CGN,economy,64971
MUC,CGN,economy,64971
STR,HAM,economy,73844
DUS,PMI,economy,122475
CGN,LHR,economy,72607
DUS,LHR,economy,70149
CGN,TXL,economy,67215
CGN,TXL,economy,67215
CGN,TXL,economy,67215
CGN,TXL,economy,67215
CGN,TXL,economy,67215
CGN,TXL,economy,67215
CGN,HAM,economy,58798
CGN,HAM,economy,58798
CGN,LEJ,economy,58526
CGN,LEJ,economy,58526
CGN,MUC,economy,64971
DUS,MUC,economy,68928
DUS,NUE,economy,58888
HAM,DUS,economy,56582
MUC,CGN,economy,64971
MUC,CGN,economy,64971
MUC,CGN,economy,64971
TXL,CGN,economy,67215
TXL,CGN,economy,67215
TXL,CGN,economy,67215
TXL,CGN,economy,67215
TXL,CGN,economy,67215
TXL,CGN,economy,67215
CGN,TXL,economy,67215
CGN,TXL,economy,67215
CGN,TXL,economy,67215
CGN,HAM,economy,58798
CGN,MUC,economy,64971
DRS,CGN,economy,67294
HAM,CGN,economy,58798
HAM,CGN,economy,58798
HAM,CGN,economy,58798
HAM,CGN,economy,58798
MUC,CGN,economy,64971
MUC,CGN,economy,64971
DUS,CDG,economy,61362
DUS,WRO,economy,84310
TXL,CGN,economy,67215
TXL,CGN,economy,67215
TXL,CGN,economy,67215
TXL,CGN,economy,67215
TXL,CGN,economy,67215
TXL,CGN,economy,67215
CGN,TXL,economy,67215
CGN,TXL,economy,67215
HAM,CGN,economy,58798
HAM,CGN,economy,58798
HAM,CGN,economy,58798
HAM,CGN,economy,58798
HAM,CGN,economy,58798
HAM,CGN,economy,58798
HAM,CGN,economy,58798
HAM,CGN,economy,58798
HAM,DUS,economy,56582
MUC,CGN,economy,64971
MUC,CGN,economy,64971
NUE,DUS,economy,58888
TXL,CGN,economy,67215
TXL,CGN,economy,67215
CGN,TXL,economy,67215
CGN,TXL,economy,67215
CGN,HAM,economy,58798
HAM,CGN,economy,58798
HAM,CGN,economy,58798
MUC,CGN,economy,64971
MUC,CGN,economy,64971
MUC,CGN,economy,64971
MUC,HAM,economy,77315
NUE,HAM,economy,67373
CGN,ZRH,economy,61276
TXL,CGN,economy,67215
TXL,CGN,economy,67215
TXL,CGN,economy,67215
CGN,TXL,economy,67215
CGN,TXL,economy,67215
CGN,TXL,economy,67215
CGN,TXL,economy,67215
CGN,TXL,economy,67215
CGN,TXL,economy,67215
CGN,TXL,economy,67215
CGN,TXL,economy,67215
CGN,HAM,economy,58798
CGN,HAM,economy,58798
CGN,MUC,economy,64971
DUS,TXL,economy,67608
DUS,TXL,economy,67608
DUS,MUC,economy,68928
HAM,CGN,economy,58798
HAM,CGN,economy,58798
HAM,STR,economy,73844
MUC,CGN,economy,64971
DUS,PMI,economy,122475
TXL,CGN,economy,67215
CGN,TXL,economy,67215
CGN,TXL,economy,67215
CGN,TXL,economy,67215
CGN,TXL,economy,67215
CGN,TXL,economy,67215
CGN,TXL,economy,67215
CGN,HAM,economy,58798
CGN,MUC,economy,64971
CGN,MUC,economy,64971
HAM,CGN,economy,58798
HAM,CGN,economy,58798
HAM,CGN,economy,58798
TXL,CGN,economy,67215
CGN,TXL,economy,67215
CGN,TXL,economy,67215
CGN,TXL,economy,67215
CGN,TXL,economy,67215
CGN,HAM,economy,58798
CGN,MUC,economy,64971
CGN,MUC,economy,64971
CGN,MUC,economy,64971
DUS,TXL,economy,67608
HAM,CGN,economy,58798
HAM,CGN,economy,58798
HAM,CGN,economy,58798
HAM,CGN,economy,58798
HAM,CGN,economy,58798
HAM,CGN,economy,58798
HAM,CGN,economy,58798
LEJ,CGN,economy,58526
MUC,CGN,economy,64971
MUC,CGN,economy,64971
MUC,CGN,economy,64971
DUS,CDG,economy,61362
CGN,ZRH,economy,61276
CGN,TXL,economy,67215
CGN,HAM,economy,58798
CGN,HAM,economy,58798
CGN,MUC,economy,64971
DUS,TXL,economy,67608
HAM,CGN,economy,58798
HAM,CGN,economy,58798
HAM,CGN,economy,58798
HAM,CGN,economy,58798
CGN,TXL,economy,67215
CGN,TXL,economy,67215
CGN,TXL,economy,67215
CGN,TXL,economy,67215
CGN,TXL,economy,67215
CGN,HAM,economy,58798
CGN,HAM,economy,58798
CGN,MUC,economy,64971
CGN,MUC,economy,64971
CGN,MUC,economy,64971
HAM,CGN,economy,58798
HAM,CGN,economy,58798
HAM,CGN,economy,58798
HAM,CGN,economy,58798
HAM,CGN,economy,58798
HAM,CGN,economy,58798
TXL,STR,economy,71276
CGN,TXL,economy,67215
CGN,TXL,economy,67215
CGN,MUC,economy,64971
CGN,MUC,economy,64971
CGN,MUC,economy,64971
CGN,MUC,economy,64971
CGN,MUC,economy,64971
CGN,MUC,economy,64971
CGN,MUC,economy,64971
DUS,MUC,economy,68928
CGN,ZRH,economy,61276
TXL,CGN,economy,67215
CGN,TXL,economy,67215
CGN,TXL,economy,67215
CGN,HAM,economy,58798
CGN,HAM,economy,58798
HAM,NUE,economy,67373
MUC,CGN,economy,64971
CGN,LHR,economy,72607
TXL,CGN,economy,67215
TXL,STR,economy,71276
CGN,TXL,economy,67215
CGN,HAM,economy,58798
CGN,HAM,economy,58798
CGN,MUC,economy,64971
DUS,TXL,economy,67608
DUS,TXL,economy,67608
TXL,STR,economy,71276
CGN,TXL,economy,67215
CGN,TXL,economy,67215
CGN,TXL,economy,67215
CGN,TXL,economy,67215
CGN,LEJ,economy,58526
CGN,MUC,economy,64971
DUS,TXL,economy,67608
DUS,NUE,economy,58888
HAM,CGN,economy,58798
HAM,CGN,economy,58798
HAM,CGN,economy,58798
HAM,CGN,economy,58798
HAM,CGN,economy,58798
MUC,CGN,economy,64971
CGN,ZRH,economy,61276
CGN,ZRH,economy,61276
CGN,ZRH,economy,61276
TXL,CGN,economy,67215
CGN,TXL,economy,67215
CGN,LEJ,economy,58526
CGN,LEJ,economy,58526
CGN,LEJ,economy,58526
HAM,CGN,economy,58798
STR,HAM,economy,73844
DUS,FCO,economy,110464
DUS,FCO,economy,110464
CGN,PMI,economy,120292
CGN,ZRH,economy,61276
CGN,MUC,economy,64971
DUS,NUE,economy,58888
DUS,NUE,economy,58888
CGN,VIE,economy,87024
TXL,CGN,economy,67215
TXL,CGN,economy,67215
CGN,TXL,economy,67215
CGN,TXL,economy,67215
CGN,TXL,economy,67215
CGN,TXL,economy,67215
CGN,HAM,economy,58798
CGN,HAM,economy,58798
DUS,HAM,economy,56582
DUS,NUE,economy,58888
DUS,NUE,economy,58888
HAM,CGN,economy,58798
MUC,CGN,economy,64971
MUC,CGN,economy,64971
HAM,STR,economy,73844
TXL,CDG,economy,93543
TXL,CGN,economy,67215
DTM,MUC,economy,67057
CGN,MUC,economy,64971
CGN,TXL,economy,67215
HAM,CGN,economy,58798
CGN,HAM,economy,58798
CGN,HAM,economy,58798
CGN,HAM,economy,58798
CGN,HAM,economy,58798
HAM,CGN,economy,58798
MUC,CGN,economy,64971
DUS,CDG,economy,61362
DUS,LCY,economy,67373
DUS,LCY,economy,67373
MUC,HAM,economy,77315
MUC,HAM,economy,77315
MUC,CGN,economy,64971
CGN,TXL,economy,67215
CGN,MUC,economy,64971
CGN,MUC,economy,64971
CGN,HAM,economy,58798
DTM,MUC,economy,67057
TXL,CGN,economy,67215
CGN,HAM,economy,58798
HAM,CGN,economy,58798
MUC,CGN,economy,64971
CGN,LEJ,economy,58526
HAM,CGN,economy,58798
TXL,CGN,economy,67215
TXL,CGN,economy,67215
CGN,MUC,economy,64971
DUS,HAM,economy,56582
MUC,CGN,economy,64971
CGN,LHR,economy,72607
CGN,TXL,economy,67215
DUS,STR,economy,56394
TXL,CGN,economy,67215
DUS,WRO,economy,84310
MUC,CGN,economy,64971
HAM,CGN,economy,58798
DUS,ARN,economy,112092
DTM,MUC,economy,67057
CGN,STN,economy,69465
CGN,STN,economy,69465
CGN,MUC,economy,64971
TXL,CGN,economy,67215
CGN,TXL,economy,67215
TXL,CGN,economy,67215
CGN,TXL,economy,67215
TXL,CGN,economy,67215
CGN,MUC,economy,64971
HAM,CGN,economy,58798
TXL,CGN,economy,67215
TXL,CGN,economy,67215
TXL,CGN,economy,67215
TXL,CGN,economy,67215
HAM,CGN,economy,58798
DUS,LHR,economy,70149
TXL,CGN,economy,67215
TXL,CGN,economy,67215
HAM,DUS,economy,56582
DUS,STR,economy,56394
MUC,CGN,economy,64971
MUC,CGN,economy,64971
MUC,CGN,economy,64971
MUC,CGN,economy,64971
CGN,HAM,economy,58798
MUC,CGN,economy,64971
HAM,CGN,economy,58798
DUS,ZRH,economy,65700
MUC,CGN,economy,64971
MUC,CGN,economy,64971
CGN,TXL,economy,67215
HAM,CGN,economy,58798
HAM,STR,economy,73844
TXL,CGN,economy,67215
DUS,ARN,economy,112092
TXL,CGN,economy,67215
MUC,CGN,economy,64971
MUC,CGN,economy,64971
MUC,CGN,economy,64971
CGN,MUC,economy,64971
TXL,CGN,economy,67215
CGN,TXL,economy,67215
TXL,CGN,economy,67215
CGN,TXL,economy,67215
DUS,MUC,economy,68928
CGN,MUC,economy,64971
CGN,MUC,economy,64971
MUC,HAM,economy,77315
CGN,MUC,economy,64971
CGN,MUC,economy,64971
CGN,TXL,economy,67215
CGN,TXL,economy,67215
HAM,CGN,economy,58798
STR,HAM,economy,73844
CGN,TXL,economy,67215
MUC,CGN,economy,64971
MUC,CGN,economy,64971
CGN,TXL,economy,67215
HAM,CGN,economy,58798
PAD,MUC,economy,64315
PAD,MUC,economy,64315
DUS,ZRH,economy,65700
TXL,CGN,economy,67215
CGN,MUC,economy,64971
CGN,MUC,economy,64971
CGN,MUC,economy,64971
CGN,MUC,economy,64971
CGN,TXL,economy,67215
MUC,CGN,economy,64971
CGN,HAM,economy,58798
CDG,LIN,economy,80329
CDG,LIN,economy,80329
DTM,MUC,economy,67057
HAM,CGN,economy,58798
TXL,CDG,economy,93543
MUC,CGN,economy,64971
CGN,TXL,economy,67215
DUS,CDG,economy,61362
DUS,CDG,economy,61362
MUC,CGN,economy,64971
HAM,CGN,economy,58798
MUC,CGN,economy,64971
MUC,CGN,economy,64971
CGN,MUC,economy,64971
CGN,TXL,economy,67215
HAM,CGN,economy,58798
DUS,HAM,economy,56582
TXL,FRA,economy,64644
MUC,CGN,economy,64971
CGN,ZRH,economy,61276
MUC,CGN,economy,64971
MUC,CGN,economy,64971
CGN,TXL,economy,67215
HAM,CGN,economy,58798
MUC,CGN,economy,64971
MUC,CGN,economy,64971
HAM,LHR,economy,86960
HAM,CGN,economy,58798
CGN,MUC,economy,64971
MUC,CGN,economy,64971
MUC,CGN,economy,64971
HAM,CGN,economy,58798
HAM,CGN,economy,58798
CGN,MUC,economy,64971
DUS,MUC,economy,68928
CGN,LHR,economy,72607
CGN,MUC,economy,64971
TXL,CGN,economy,67215
MUC,CGN,economy,64971
DUS,LGW,economy,68851
CGN,LEJ,economy,58526
CGN,LEJ,economy,58526
CGN,ZRH,economy,61276
TXL,CGN,economy,67215
TXL,CDG,economy,93543
CGN,HAM,economy,58798
CGN,TXL,economy,67215
DUS,HAM,economy,56582
HAM,CGN,economy,58798
CGN,HAM,economy,58798
MUC,CGN,economy,64971
FRA,TXL,economy,64644
FRA,TXL,economy,64644
CGN,MUC,economy,64971
MUC,CGN,economy,64971
CGN,TXL,economy,67215
CGN,MUC,economy,64971
CGN,MUC,economy,64971
CGN,TXL,economy,67215
CGN,TXL,economy,67215
CGN,TXL,economy,67215
DUS,MUC,economy,68928
CGN,TXL,economy,67215
DUS,NUE,economy,58888
MUC,CGN,economy,64971
CGN,TXL,economy,67215
HAM,CGN,economy,58798
MUC,CGN,economy,64971
MUC,CGN,economy,64971
CGN,TXL,economy,67215
MUC,CGN,economy,64971
MUC,CGN,economy,64971
MUC,CGN,economy,64971
MUC,CGN,economy,64971
CGN,TXL,economy,67215
CGN,TXL,economy,67215
CGN,MUC,economy,64971
CGN,TXL,economy,67215
CGN,HAM,economy,58798
CGN,TXL,economy,67215
MUC,CGN,economy,64971
HAM,CGN,economy,58798
CGN,HAM,economy,58798
CGN,TXL,economy,67215
CGN,TXL,economy,67215
CGN,TXL,economy,67215
MUC,CGN,economy,64971
CGN,MUC,economy,64971
CGN,MUC,economy,64971
MUC,CGN,economy,64971
CGN,TXL,economy,67215
CGN,HAM,economy,58798
CGN,MUC,economy,64971
DUS,TXL,economy,67608
CGN,TXL,economy,67215
DUS,TXL,economy,67608
DUS,MUC,economy,68928
DUS,MUC,economy,68928
DUS,NUE,economy,58888
CGN,TXL,economy,67215
CGN,TXL,economy,67215
CGN,LEJ,economy,58526
TXL,CGN,economy,67215
CGN,TXL,economy,67215
DUS,MUC,economy,68928
DUS,MUC,economy,68928
DUS,NUE,economy,58888
DUS,NUE,economy,58888
DTM,MUC,economy,67057
DTM,MUC,economy,67057
CGN,TXL,economy,67215
CGN,TXL,economy,67215
DUS,TXL,economy,67608
FRA,TXL,economy,64644
HAM,CGN,economy,58798
DUS,HAM,economy,56582
CGN,MUC,economy,64971
CGN,MUC,economy,64971
CGN,ZRH,economy,61276
MUC,CGN,economy,64971
MUC,CGN,economy,64971
HAM,DUS,economy,56582
MUC,CGN,economy,64971
HAM,LHR,economy,86960
CGN,TXL,economy,67215
CGN,TXL,economy,67215
CGN,TXL,economy,67215
CGN,MUC,economy,64971
TXL,CGN,economy,67215
FRA,TXL,economy,64644
MUC,CGN,economy,64971
MUC,CGN,economy,64971
CGN,TXL,economy,67215
CGN,TXL,economy,67215
CGN,HAM,economy,58798
CGN,HAM,economy,58798
DUS,TXL,economy,67608
HAM,CGN,economy,58798
MUC,CGN,economy,64971
DUS,LGW,economy,68851
TXL,CDG,economy,93543
DUS,HAM,economy,56582
MUC,HAM,economy,77315
FRA,TXL,economy,64644
HAM,CGN,economy,58798
DUS,TXL,economy,67608
FRA,TXL,economy,64644
FRA,TXL,economy,64644
FRA,TXL,economy,64644
TXL,CGN,economy,67215
TXL,FRA,economy,64644
DUS,HAM,economy,56582
TXL,FRA,economy,64644
MUC,CGN,economy,64971
MUC,CGN,economy,64971
TXL,CGN,economy,67215
CGN,HAM,economy,58798
MUC,HAM,economy,77315
NUE,HAM,economy,67373
CGN,HAM,economy,58798
FRA,HAM,economy,62983
FRA,HAM,economy,62983
HAM,CGN,economy,58798
CGN,MUC,economy,64971
MUC,CGN,economy,64971
CGN,TXL,economy,67215
CGN,TXL,economy,67215
HAM,CGN,economy,58798
CGN,TXL,economy,67215
CGN,TXL,economy,67215
MUC,HAM,economy,77315
DUS,TXL,economy,67608
CGN,MUC,economy,64971
CGN,MUC,economy,64971
MUC,CGN,economy,64971
DUS,TXL,economy,67608
HAM,CGN,economy,58798
HAM,CGN,economy,58798
MUC,CGN,economy,64971
HAM,CGN,economy,58798
FRA,TXL,economy,64644
MUC,HAM,economy,77315
CGN,MUC,economy,64971
CGN,MUC,economy,64971
TXL,FRA,economy,64644
MUC,CGN,economy,64971
FRA,TXL,economy,64644
CGN,TXL,economy,67215
TXL,CGN,economy,67215
TXL,CGN,economy,67215
NUE,DUS,economy,58888
HAM,CGN,economy,58798
HAM,CGN,economy,58798
CGN,TXL,economy,67215
CGN,TXL,economy,67215
CGN,TXL,economy,67215
CGN,HAM,economy,58798
HAM,CGN,economy,58798
HAM,CGN,economy,58798
CGN,ZRH,economy,61276
HAM,CGN,economy,58798
CGN,ZRH,economy,61276
MUC,CGN,economy,64971
CGN,TXL,economy,67215
CGN,TXL,economy,67215
CGN,TXL,economy,67215
CGN,ZRH,economy,61276
CGN,MUC,economy,64971
DUS,NUE,economy,58888
CGN,ZRH,economy,61276
CGN,HAM,economy,58798
HAM,MUC,economy,77315
HAM,MUC,economy,77315
CGN,MUC,economy,64971
CGN,MUC,economy,64971
CGN,MUC,economy,64971
CGN,MUC,economy,64971
FRA,MUC,economy,52565
FRA,MUC,economy,52565
FRA,MUC,economy,52565
FRA,MUC,economy,52565
MUC,CGN,economy,64971
MUC,CGN,economy,64971
DRS,CGN,economy,67294
HAM,CGN,economy,58798
MUC,CGN,economy,64971
HAM,CGN,economy,58798
HAM,CGN,economy,58798
HAM,CGN,economy,58798
HAM,CGN,economy,58798
TXL,CGN,economy,67215
CGN,MUC,economy,64971
CGN,VIE,economy,87024
CGN,MUC,economy,64971
HAM,CGN,economy,58798
CGN,MUC,economy,64971
CGN,MUC,economy,64971
CGN,MUC,economy,64971
MUC,CGN,economy,64971
MUC,CGN,economy,64971
DUS,CDG,economy,61362
MUC,CGN,economy,64971
CGN,TXL,economy,67215
HAM,CGN,economy,58798
HAM,CGN,economy,58798
CGN,TXL,economy,67215
HAM,CGN,economy,58798
FRA,TXL,economy,64644
DUS,MUC,economy,68928
DUS,FCO,economy,110464
DUS,FCO,economy,110464
CGN,TXL,economy,67215
DUS,NUE,economy,58888
MUC,FCO,economy,85932
HAM,CGN,economy,58798
HAM,MUC,economy,77315
HAM,MUC,economy,77315
CGN,MUC,economy,64971
CGN,MUC,economy,64971
CGN,MUC,economy,64971
CGN,MUC,economy,64971
MUC,CGN,economy,64971
CGN,MUC,economy,64971
CGN,MUC,economy,64971
CGN,MUC,economy,64971
CGN,MUC,economy,64971
CGN,MUC,economy,64971
DUS,MUC,economy,68928
CGN,MUC,economy,64971
MUC,CGN,economy,64971
CGN,MUC,economy,64971
TXL,CGN,economy,67215
CGN,MUC,economy,64971
CGN,MUC,economy,64971
BRE,MUC,economy,74635
CGN,MUC,economy,64971
CGN,MUC,economy,64971
CGN,MUC,economy,64971
MUC,CGN,economy,64971
HAM,CGN,economy,58798
CGN,MUC,economy,64971
MUC,CGN,economy,64971
CGN,MUC,economy,64971
CGN,MUC,economy,64971
CGN,MUC,economy,64971
CGN,MUC,economy,64971
CGN,MUC,economy,64971
CGN,MUC,economy,64971
CGN,MUC,economy,64971
MUC,CGN,economy,64971
MUC,CGN,economy,64971
HAM,CGN,economy,58798
DUS,MUC,economy,68928
HAM,CGN,economy,58798
MUC,FCO,economy,85932
BRE,MUC,economy,74635
MUC,CGN,economy,64971
CGN,TXL,economy,67215
HAM,MUC,economy,77315
HAM,MUC,economy,77315
MUC,CGN,economy,64971
CGN,MUC,economy,64971
CGN,MUC,economy,64971
DUS,MUC,economy,68928
HAM,MUC,economy,77315
HAM,MUC,economy,77315
CGN,MUC,economy,64971
CGN,MUC,economy,64971
CGN,MUC,economy,64971
CGN,MUC,economy,64971
FRA,MAN,economy,92432
TXL,CGN,economy,67215
TXL,CGN,economy,67215
CGN,VIE,economy,87024
BRE,MUC,economy,74635
CGN,MUC,economy,64971
CGN,MUC,economy,64971
CGN,MUC,economy,64971
CGN,MUC,economy,64971
HAM,CGN,economy,58798
CGN,MUC,economy,64971
HAM,CGN,economy,58798
CGN,MUC,economy,64971
TXL,CGN,economy,67215
TXL,CGN,economy,67215
HAM,CGN,economy,58798
BRE,MUC,economy,74635
CGN,MUC,economy,64971
CGN,MUC,economy,64971
DUS,ZRH,economy,65700
CGN,ZRH,economy,61276
HAM,CGN,economy,58798
HAM,CGN,economy,58798
CGN,MUC,economy,64971
FRA,ZRH,economy,51221
MUC,CGN,economy,64971
CGN,ZRH,economy,61276
DUS,ZRH,economy,65700
FRA,ZRH,economy,51221
FRA,MAN,economy,92432
CGN,TXL,economy,67215
CGN,LEJ,economy,58526
MUC,CGN,economy,64971
MUC,CGN,economy,64971
CGN,TXL,economy,67215
CGN,TXL,economy,67215
CGN,PMI,economy,120292
CGN,PMI,economy,120292
CGN,LEJ,economy,58526
STR,PMI,economy,110755
HAM,NUE,economy,67373
DUS,PMI,economy,122475
CGN,PMI,economy,120292
CGN,PMI,economy,120292
CGN,PMI,economy,120292
CGN,PMI,economy,120292
DUS,PMI,economy,122475
HAM,CGN,economy,58798
HAM,CGN,economy,58798
CGN,HAM,economy,58798
TXL,CGN,economy,67215
CGN,TXL,economy,67215
DUS,PMI,economy,122475
CGN,TXL,economy,67215
CGN,PMI,economy,120292
CGN,PMI,economy,120292
CGN,PMI,economy,120292
CGN,PMI,economy,120292
CGN,TXL,economy,67215
HAM,NUE,economy,67373
CGN,MUC,economy,64971
CGN,PMI,economy,120292
CGN,PMI,economy,120292
CGN,PMI,economy,120292
CGN,PMI,economy,120292
CGN,PMI,economy,120292
CGN,MUC,economy,64971
TXL,CGN,economy,67215
CGN,HAM,economy,58798
CGN,MUC,economy,64971
CGN,MUC,economy,64971
FRA,TXL,economy,64644
CGN,TXL,economy,67215
DUS,MUC,economy,68928
DUS,MUC,economy,68928
CGN,VIE,economy,87024
CGN,MUC,economy,64971
CGN,HAM,economy,58798
FRA,HAM,economy,62983
CGN,HAM,economy,58798
CGN,HAM,economy,58798
LEJ,CGN,economy,58526
DUS,TXL,economy,67608
CGN,HAM,economy,58798
TXL,STR,economy,71276
STR,HAM,economy,73844
MUC,HAM,economy,77315
TXL,CGN,economy,67215
TXL,CGN,economy,67215
DUS,TXL,economy,67608
HAM,CGN,economy,58798
CGN,TXL,economy,67215
CGN,HAM,economy,58798
MUC,CGN,economy,64971
MUC,CGN,economy,64971
MUC,CGN,economy,64971
FRA,HAM,economy,62983
CGN,LEJ,economy,58526
CGN,LEJ,economy,58526
FRA,LEJ,economy,52769
FRA,LEJ,economy,52769
FRA,LEJ,economy,52769
FRA,LEJ,economy,52769
FRA,LEJ,economy,52769
HAM,CGN,economy,58798
CGN,TXL,economy,67215
FRA,LIN,economy,70977
TXL,STR,economy,71276
MUC,CGN,economy,64971
MUC,CGN,economy,64971
TXL,STR,economy,71276
FRA,LEJ,economy,52769
FRA,LEJ,economy,52769
FRA,LEJ,economy,52769
FRA,LEJ,economy,52769
TXL,CGN,economy,67215
CGN,HAM,economy,58798
HAM,CGN,economy,58798
MUC,HAM,economy,77315
FRA,HAM,economy,62983
FRA,LEJ,economy,52769
FRA,LEJ,economy,52769
FRA,LEJ,economy,52769
FRA,LEJ,economy,52769
FRA,LEJ,economy,52769
FRA,LEJ,economy,52769
FRA,LEJ,economy,52769
FRA,LEJ,economy,52769
FRA,LEJ,economy,52769
FRA,HAM,economy,62983
FRA,LIN,economy,70977
TXL,CGN,economy,67215
TXL,CGN,economy,67215
CGN,TXL,economy,67215
CGN,TXL,economy,67215
CGN,TXL,economy,67215
CGN,TXL,economy,67215
DUS,TXL,economy,67608
CGN,MUC,economy,64971
CGN,MUC,economy,64971
MUC,CGN,economy,64971
MUC,CGN,economy,64971
CGN,TXL,economy,67215
DUS,MUC,economy,68928
MUC,CGN,economy,64971
CGN,VIE,economy,87024
CGN,VIE,economy,87024
DUS,VIE,economy,89687
CGN,ZRH,economy,61276
TXL,CGN,economy,67215
TXL,DUS,economy,67608
CGN,TXL,economy,67215
CGN,TXL,economy,67215
CGN,TXL,economy,67215
CGN,TXL,economy,67215
CGN,HAM,economy,58798
CGN,HAM,economy,58798
CGN,HAM,economy,58798
HAM,CGN,economy,58798
HAM,CGN,economy,58798
TXL,CGN,economy,67215
TXL,CGN,economy,67215
TXL,DUS,economy,67608
CGN,TXL,economy,67215
CGN,TXL,economy,67215
CGN,HAM,economy,58798
CGN,MUC,economy,64971
CGN,MUC,economy,64971
HAM,CGN,economy,58798
HAM,CGN,economy,58798
HAM,CGN,economy,58798
HAM,CGN,economy,58798
MUC,CGN,economy,64971
STR,DRS,economy,63985
MAN,CGN,economy,83983
CGN,ZRH,economy,61276
CGN,ZRH,economy,61276
CGN,ZRH,economy,61276
TXL,CGN,economy,67215
TXL,CGN,economy,67215
CGN,TXL,economy,67215
CGN,TXL,economy,67215
CGN,TXL,economy,67215
CGN,HAM,economy,58798
CGN,HAM,economy,58798
CGN,HAM,economy,58798
CGN,HAM,economy,58798
CGN,LEJ,economy,58526
HAM,CGN,economy,58798
HAM,CGN,economy,58798
HAM,CGN,economy,58798
LEJ,CGN,economy,58526
MUC,CGN,economy,64971
TXL,CGN,economy,67215
TXL,CGN,economy,67215
TXL,CGN,economy,67215
CGN,TXL,economy,67215
CGN,HAM,economy,58798
CGN,MUC,economy,64971
DRS,STR,economy,63985
HAM,CGN,economy,58798
HAM,CGN,economy,58798
HAM,CGN,economy,58798
TXL,CGN,economy,67215
CGN,TXL,economy,67215
CGN,LEJ,economy,58526
CGN,MUC,economy,64971
CGN,MUC,economy,64971
DUS,NUE,economy,58888
MUC,CGN,economy,64971
MUC,DUS,economy,68928
TXL,CGN,economy,67215
CGN,TXL,economy,67215
TXL,CGN,economy,67215
TXL,CGN,economy,67215
CGN,MUC,economy,64971
CGN,MUC,economy,64971
DUS,MUC,economy,68928
HAM,CGN,economy,58798
HAM,CGN,economy,58798
MUC,CGN,economy,64971
HAM,VIE,economy,88361
CGN,HAM,economy,58798
CGN,MUC,economy,64971
HAM,CGN,economy,58798
HAM,CGN,economy,58798
CGN,MUC,economy,64971
CGN,MUC,economy,64971
DUS,TXL,economy,67608
HAM,CGN,economy,58798
HAM,CGN,economy,58798
HAM,CGN,economy,58798
HAM,CGN,economy,58798
HAM,CGN,economy,58798
HAM,CGN,economy,58798
HAM,CGN,economy,58798
MUC,CGN,economy,64971
CGN,TXL,economy,67215
CGN,TXL,economy,67215
CGN,HAM,economy,58798
HAM,CGN,economy,58798
HAM,NUE,economy,67373
CGN,TXL,economy,67215
CGN,TXL,economy,67215
CGN,TXL,economy,67215
CGN,TXL,economy,67215
CGN,HAM,economy,58798
CGN,HAM,economy,58798
DUS,MUC,economy,68928
DUS,MUC,economy,68928
MUC,CGN,economy,64971
TXL,CGN,economy,67215
TXL,CGN,economy,67215
TXL,CGN,economy,67215
TXL,CGN,economy,67215
CGN,DRS,economy,67294
CGN,HAM,economy,58798
CGN,HAM,economy,58798
CGN,HAM,economy,58798
CGN,HAM,economy,58798
CGN,HAM,economy,58798
CGN,MUC,economy,64971
DUS,NUE,economy,58888
HAM,CGN,economy,58798
HAM,CGN,economy,58798
HAM,CGN,economy,58798
MUC,CGN,economy,64971
MUC,CGN,economy,64971
MUC,CGN,economy,64971
TXL,CGN,economy,67215
CGN,TXL,economy,67215
CGN,TXL,economy,67215
CGN,HAM,economy,58798
CGN,HAM,economy,58798
CGN,HAM,economy,58798
CGN,MUC,economy,64971
CGN,MUC,economy,64971
DUS,MUC,economy,68928
DUS,MUC,economy,68928
DUS,MUC,economy,68928
HAM,CGN,economy,58798
HAM,CGN,economy,58798
HAM,CGN,economy,58798
HAM,CGN,economy,58798
HAM,CGN,economy,58798
HAM,CGN,economy,58798
HAM,NUE,economy,67373
MUC,CGN,economy,64971
MUC,CGN,economy,64971
MUC,CGN,economy,64971
MUC,CGN,economy,64971
CGN,TXL,economy,67215
CGN,HAM,economy,58798
CGN,HAM,economy,58798
CGN,HAM,economy,58798
DTM,MUC,economy,67057
HAM,CGN,economy,58798
HAM,CGN,economy,58798
HAM,CGN,economy,58798
HAM,CGN,economy,58798
HAM,MUC,economy,77315
MUC,CGN,economy,64971
TXL,CGN,economy,67215
CGN,TXL,economy,67215
CGN,HAM,economy,58798
HAM,CGN,economy,58798
HAM,CGN,economy,58798
HAM,STR,economy,73844
HAM,STR,economy,73844
MUC,CGN,economy,64971
DUS,CDG,economy,61362
TXL,CGN,economy,67215
CGN,TXL,economy,67215
CGN,MUC,economy,64971
HAM,CGN,economy,58798
HAM,CGN,economy,58798
DUS,HAM,economy,56582
TXL,CGN,economy,67215
CGN,TXL,economy,67215
CGN,HAM,economy,58798
HAM,CGN,economy,58798
HAM,CGN,economy,58798
MUC,CGN,economy,64971
CGN,MUC,economy,64971
DUS,TXL,economy,67608
DUS,TXL,economy,67608
HAM,CGN,economy,58798
HAM,CGN,economy,58798
CGN,MUC,economy,64971
CGN,MUC,economy,64971
HAM,CGN,economy,58798
HAM,CGN,economy,58798
CGN,HAM,economy,58798
CGN,HAM,economy,58798
CGN,MUC,economy,64971
HAM,CGN,economy,58798
CGN,TXL,economy,67215
CGN,MUC,economy,64971
CGN,MUC,economy,64971
HAM,CGN,economy,58798
DUS,CPH,economy,78628
TXL,DUS,economy,67608
FRA,DUB,economy,107720
TXL,CGN,economy,67215
CGN,TXL,economy,67215
CGN,MUC,economy,64971
MAN,CGN,economy,83983
CGN,TXL,economy,67215
TXL,CGN,economy,67215
TXL,CGN,economy,67215
HAM,VIE,economy,88361
CGN,HAM,economy,58798
MUC,CGN,economy,64971
CGN,MUC,economy,64971
CGN,MUC,economy,64971
PAD,MUC,economy,64315
PAD,MUC,economy,64315
CGN,TXL,economy,67215
CGN,TXL,economy,67215
CGN,TXL,economy,67215
CGN,TXL,economy,67215
CGN,TXL,economy,67215
MUC,CGN,economy,64971
STR,DRS,economy,63985
CGN,TXL,economy,67215
CGN,TXL,economy,67215
MUC,DUS,economy,68928
MUC,DUS,economy,68928
TXL,CGN,economy,67215
DUS,NUE,economy,58888
TXL,CGN,economy,67215
CGN,LEJ,economy,58526
TXL,CGN,economy,67215
CGN,TXL,economy,67215
TXL,CGN,economy,67215
DUS,NUE,economy,58888
HAM,CGN,economy,58798
CGN,TXL,economy,67215
FRA,DUB,economy,107720
CGN,TXL,economy,67215
CGN,TXL,economy,67215
TXL,CGN,economy,67215
CGN,MUC,economy,64971
CGN,HAM,economy,58798
PAD,MUC,economy,64315
PAD,MUC,economy,64315
CGN,TXL,economy,67215
CGN,HAM,economy,58798
CGN,HAM,economy,58798
HAM,CGN,economy,58798
TXL,CGN,economy,67215
CGN,TXL,economy,67215
HAM,CGN,economy,58798
TXL,CGN,economy,67215
FRA,DRS,economy,60841
FRA,DRS,economy,60841
DUS,TXL,economy,67608
HAM,CGN,economy,58798
CGN,HAM,economy,58798
MUC,CGN,economy,64971
PAD,MUC,economy,64315
PAD,MUC,economy,64315
TXL,FRA,economy,64644
TXL,FRA,economy,64644
CGN,MUC,economy,64971
CGN,MUC,economy,64971
CGN,MUC,economy,64971
CGN,MUC,economy,64971
TXL,CGN,economy,67215
MUC,CGN,economy,64971
CGN,TXL,economy,67215
CGN,HAM,economy,58798
CGN,HAM,economy,58798
CGN,TXL,economy,67215
HAM,CGN,economy,58798
HAM,STR,economy,73844
CGN,MUC,economy,64971
CGN,HAM,economy,58798
LEJ,CGN,economy,58526
CGN,MUC,economy,64971
MUC,DUS,economy,68928
HAM,FRA,economy,62983
CGN,ZRH,economy,61276
HAM,CGN,economy,58798
CGN,MUC,economy,64971
CGN,MUC,economy,64971
CGN,MUC,economy,64971
FRA,HAM,economy,62983
TXL,CGN,economy,67215
CGN,VIE,economy,87024
CGN,VIE,economy,87024
CGN,HAM,economy,58798
MUC,HAM,economy,77315
CGN,HAM,economy,58798
CGN,HAM,economy,58798
CGN,MUC,economy,64971
HAM,CGN,economy,58798
CGN,HAM,economy,58798
TXL,CGN,economy,67215
MUC,CGN,economy,64971
HAM,CGN,economy,58798
TXL,CGN,economy,67215
HAM,CGN,economy,58798
CGN,HAM,economy,58798
CGN,HAM,economy,58798
FRA,HAM,economy,62983
CGN,DRS,economy,67294
CGN,HAM,economy,58798
HAM,CGN,economy,58798
TXL,CGN,economy,67215
MUC,CGN,economy,64971
MUC,CGN,economy,64971
CGN,HAM,economy,58798
HAM,CGN,economy,58798
HAM,CGN,economy,58798
HAM,STR,economy,73844
CGN,HAM,economy,58798
CGN,TXL,economy,67215
MUC,CGN,economy,64971
MUC,HAM,economy,77315
TXL,CGN,economy,67215
TXL,CGN,economy,67215
CGN,MUC,economy,64971
DUS,TXL,economy,67608
HAM,CGN,economy,58798
CGN,MUC,economy,64971
CGN,MUC,economy,64971
CGN,MUC,economy,64971
CGN,MUC,economy,64971
HAM,CGN,economy,58798
CGN,MUC,economy,64971
MUC,CGN,economy,64971
HAM,CGN,economy,58798
CGN,MUC,economy,64971
CGN,ZRH,economy,61276
CGN,ZRH,economy,61276
CGN,ZRH,economy,61276
TXL,MUC,economy,68465
TXL,MUC,economy,68465
MUC,CGN,economy,64971
TXL,MUC,economy,68465
CGN,TXL,economy,67215
CGN,TXL,economy,67215
FRA,HAM,economy,62983
CGN,MUC,economy,64971
HAM,NUE,economy,67373
CGN,HAM,economy,58798
MUC,CGN,economy,64971
DUS,MUC,economy,68928
MUC,CGN,economy,64971
MUC,CGN,economy,64971
MUC,CGN,economy,64971
DUS,HAM,economy,56582
CGN,MUC,economy,64971
CGN,MUC,economy,64971
CGN,HAM,economy,58798
FRA,HAM,economy,62983
DUS,TXL,economy,67608
CGN,MUC,economy,64971
CGN,MUC,economy,64971
BRS,AMS,economy,71796
BRS,AMS,economy,71796
CGN,MUC,economy,64971
CGN,MUC,economy,64971
TXL,MUC,economy,68465
TXL,MUC,economy,68465
TXL,CGN,economy,67215
FRA,LEJ,economy,52769
FRA,LEJ,economy,52769
CGN,HAM,economy,58798
TXL,CGN,economy,67215
DRS,STR,economy,63985
TXL,MUC,economy,68465
CGN,MUC,economy,64971
HAM,CGN,economy,58798
HAM,CGN,economy,58798
MUC,CGN,economy,64971
HAM,CGN,economy,58798
HAM,CGN,economy,58798
HAM,CGN,economy,58798
CGN,TXL,economy,67215
FRA,HAM,economy,62983
MUC,CGN,economy,64971
DUS,MUC,economy,68928
TXL,CGN,economy,67215
DUS,CDG,economy,61362
MUC,CGN,economy,64971
MUC,CGN,economy,64971
FRA,HAM,economy,62983
CGN,MUC,economy,64971
CGN,TXL,economy,67215
MUC,CGN,economy,64971
FRA,LEJ,economy,52769
FRA,LEJ,economy,52769
MUC,MAN,economy,110231
MUC,MAN,economy,110231
FRA,MAN,economy,92432
FRA,MAN,economy,92432
FRA,MAN,economy,92432
FRA,MAN,economy,92432
FRA,MAN,economy,92432
FRA,MAN,economy,92432
FRA,MAN,economy,92432
FRA,MAN,economy,92432
DUS,ZRH,economy,65700
FRA,GRZ,economy,77870
FRA,GRZ,economy,77870
MUC,CGN,economy,64971
DTM,MUC,economy,67057
HAM,CGN,economy,58798
HAM,CGN,economy,58798
FRA,TXL,economy,64644
MUC,CGN,economy,64971
MUC,CGN,economy,64971
DUS,ZRH,economy,65700
FRA,TXL,economy,64644
MUC,MAN,economy,110231
MUC,MAN,economy,110231
FRA,MAN,economy,92432
FRA,MAN,economy,92432
FRA,MAN,economy,92432
FRA,MAN,economy,92432
FRA,MAN,economy,92432
FRA,MAN,economy,92432
FRA,MAN,economy,92432
FRA,MAN,economy,92432
FRA,GRZ,economy,77870
FRA,GRZ,economy,77870
HAM,FRA,economy,62983
CGN,ZRH,economy,61276
CGN,HAM,economy,58798
CGN,HAM,economy,58798
CGN,HAM,economy,58798
CGN,HAM,economy,58798
FRA,HAM,economy,62983
FRA,HAM,economy,62983
TXL,CGN,economy,67215
TXL,CGN,economy,67215
CGN,MUC,economy,64971
CGN,HAM,economy,58798
HAM,CGN,economy,58798
HAM,CGN,economy,58798
CGN,TXL,economy,67215
HAM,CGN,economy,58798
HAM,CGN,economy,58798
MUC,CGN,economy,64971
CGN,LEJ,economy,58526
CGN,HAM,economy,58798
MUC,CGN,economy,64971
MUC,CGN,economy,64971
HAM,FRA,economy,62983
MUC,CGN,economy,64971
MUC,CGN,economy,64971
DUS,CPH,economy,78628
DUS,FDH,economy,66022
HAM,CGN,economy,58798
HAM,CGN,economy,58798
HAM,CGN,economy,58798
MUC,CGN,economy,64971
HAM,NUE,economy,67373
HAM,CGN,economy,58798
CGN,HAM,economy,58798
CGN,HAM,economy,58798
MUC,CGN,economy,64971
MUC,CGN,economy,64971
MUC,CGN,economy,64971
CGN,TXL,economy,67215
CGN,MUC,economy,64971
HAM,CGN,economy,58798
HAM,CGN,economy,58798
TXL,FRA,economy,64644
MUC,CGN,economy,64971
CGN,VIE,economy,87024
CGN,VIE,economy,87024
DUS,VIE,economy,89687
HAM,CGN,economy,58798
DUS,FDH,economy,66022
HAM,CGN,economy,58798
MUC,CGN,economy,64971
HAM,CGN,economy,58798
HAM,CGN,economy,58798
HAM,CGN,economy,58798
MUC,CGN,economy,64971
MUC,CGN,economy,64971
CGN,MUC,economy,64971
MUC,CGN,economy,64971
MUC,CGN,economy,64971
FRA,LHR,economy,81002
HAM,CGN,economy,58798
TXL,FRA,economy,64644
FRA,LHR,economy,81002
HAM,FRA,economy,62983
CGN,MUC,economy,64971
MUC,CGN,economy,64971
MUC,CGN,economy,64971
MUC,CGN,economy,64971
HAM,CGN,economy,58798
CGN,ZRH,economy,61276
CGN,TXL,economy,67215
MUC,CGN,economy,64971
DUS,MUC,economy,68928
MUC,CGN,economy,64971
TXL,DUS,economy,67608
CGN,MUC,economy,64971
MUC,CGN,economy,64971
MUC,CGN,economy,64971
MUC,CGN,economy,64971
MUC,CGN,economy,64971
MUC,CGN,economy,64971
CGN,MUC,economy,64971
MUC,CGN,economy,64971
MUC,CGN,economy,64971
CGN,MUC,economy,64971
CGN,MUC,economy,64971
QYG,FRA,economy,146427
FRA,DEL,business,804023
QYG,FRA,economy,146427
FRA,DEL,business,804023
HAM,CGN,economy,58798
HAM,CGN,economy,58798
HAM,CGN,economy,58798
HAM,CGN,economy,58798
HAM,CGN,economy,58798
HAM,CGN,economy,58798
HAM,CGN,economy,58798
CGN,TXL,economy,67215
DUS,MUC,economy,68928
HAM,CGN,economy,58798
HAM,CGN,economy,58798
HAM,MUC,economy,77315
DUS,MUC,economy,68928
HAM,CGN,economy,58798
CGN,TXL,economy,67215
DUS,MUC,economy,68928
DUS,MUC,economy,68928
HAJ,FRA,economy,50694
HAJ,FRA,economy,50694
DUS,MUC,economy,68928
HAM,MUC,economy,77315
MUC,CGN,economy,64971
DUS,MAN,economy,81069
CGN,LEJ,economy,58526
CGN,MUC,economy,64971
HAM,CGN,economy,58798
HAM,CGN,economy,58798
HAM,CGN,economy,58798
MUC,CGN,economy,64971
MUC,CGN,economy,64971
CGN,MUC,economy,64971
HAM,CGN,economy,58798
HAM,CGN,economy,58798
HAM,CGN,economy,58798
MUC,CGN,economy,64971
MUC,CGN,economy,64971
MUC,CGN,economy,64971
TXL,MUC,economy,68465
CGN,MUC,economy,64971
CGN,MUC,economy,64971
HAM,CGN,economy,58798
TXL,CGN,economy,67215
TXL,CGN,economy,67215
CGN,TXL,economy,67215
CGN,MUC,economy,64971
HAM,CGN,economy,58798
HAM,CGN,economy,58798
HAM,CGN,economy,58798
MUC,CGN,economy,64971
CGN,HAM,economy,58798
HAJ,STR,economy,63736
CGN,MUC,economy,64971
CGN,TXL,economy,67215
CGN,HAM,economy,58798
CGN,LEJ,economy,58526
FRA,TXL,economy,64644
TXL,CGN,economy,67215
CGN,PMI,economy,120292
CGN,PMI,economy,120292
CGN,HAM,economy,58798
PAD,MUC,economy,64315
PAD,MUC,economy,64315
MUC,CGN,economy,64971
HAM,CGN,economy,58798
HAM,CGN,economy,58798
MUC,CGN,economy,64971
CGN,MUC,economy,64971
MUC,CGN,economy,64971
TXL,CGN,economy,67215
MUC,CGN,economy,64971
MUC,CGN,economy,64971
HAM,CGN,economy,58798
TXL,CGN,economy,67215
TXL,CGN,economy,67215
MUC,HAM,economy,77315
MUC,CGN,economy,64971
MUC,CGN,economy,64971
CGN,MUC,economy,64971
CGN,MUC,economy,64971
HAM,CGN,economy,58798
CGN,MUC,economy,64971
CGN,LEJ,economy,58526
FRA,MAN,economy,92432
MUC,CGN,economy,64971
CGN,MUC,economy,64971
CGN,MUC,economy,64971
CGN,MUC,economy,64971
TXL,CGN,economy,67215
DTM,MUC,economy,67057
DTM,MUC,economy,67057
MUC,HAM,economy,77315
CGN,TXL,economy,67215
FRA,MAN,economy,92432
FRA,MAN,economy,92432
DUS,MAN,economy,81069
MUC,CGN,economy,64971
DUS,MAN,economy,81069
MUC,CGN,economy,64971
DUS,MAN,economy,81069
FRA,MAN,economy,92432
FRA,MAN,economy,92432
FRA,MAN,economy,92432
MUC,CGN,economy,64971
HAM,CGN,economy,58798
TXL,MUC,economy,68465
HAM,CGN,economy,58798
TXL,CGN,economy,67215
HAM,CGN,economy,58798
CGN,HAM,economy,58798
HAM,LHR,economy,86960
FRA,TXL,economy,64644
CGN,MUC,economy,64971
HAM,LHR,economy,86960
FRA,TXL,economy,64644
HAM,MUC,economy,77315
HAM,CGN,economy,58798
HAM,CGN,economy,58798
CGN,TXL,economy,67215
CGN,LEJ,economy,58526
MUC,GWT,economy,88361
MUC,CGN,economy,64971
MUC,GWT,economy,88361
MUC,CGN,economy,64971
MUC,CGN,economy,64971
MUC,CGN,economy,64971
CGN,HAM,economy,58798
CGN,HAM,economy,58798
FRA,TXL,economy,64644
MUC,CGN,economy,64971
MUC,CGN,economy,64971
HAJ,STR,economy,63736
CGN,PMI,economy,120292
CGN,PMI,economy,120292
HAM,CGN,economy,58798
MUC,CGN,economy,64971
MUC,CGN,economy,64971
MUC,CGN,economy,64971
MUC,CGN,economy,64971
MUC,CGN,economy,64971
MUC,CGN,economy,64971
MUC,CGN,economy,64971
DUS,GWT,economy,63402
MUC,CGN,economy,64971
MUC,CGN,economy,64971
MUC,CGN,economy,64971
FRA,TXL,economy,64644
MUC,DUS,economy,68928
MUC,DUS,economy,68928
FRA,TXL,economy,64644
DUS,GWT,economy,63402
TXL,CGN,economy,67215
CGN,TXL,economy,67215
MUC,CGN,economy,64971
CGN,HAM,economy,58798
CGN,TXL,economy,67215
CGN,HAM,economy,58798
STR,TXL,economy,71276
TXL,CGN,economy,67215
CGN,TXL,economy,67215
HAM,CGN,economy,58798
TXL,CGN,economy,67215
TXL,CGN,economy,67215
DRS,CGN,economy,67294
TXL,CGN,economy,67215
MUC,CGN,economy,64971
CGN,HAM,economy,58798
MUC,CGN,economy,64971
TXL,CGN,economy,67215
MUC,CGN,economy,64971
CGN,TXL,economy,67215
MUC,CGN,economy,64971
CGN,TXL,economy,67215
CGN,HAM,economy,58798
HAM,CGN,economy,58798
TXL,CGN,economy,67215
TXL,CGN,economy,67215
CGN,TXL,economy,67215
MUC,CGN,economy,64971
CGN,MUC,economy,64971
CGN,MUC,economy,64971
MUC,CGN,economy,64971
MUC,CGN,economy,64971
STR,TXL,economy,71276
DRS,CGN,economy,67294
CGN,TXL,economy,67215
TXL,CGN,economy,67215
TXL,CGN,economy,67215
MUC,CGN,economy,64971
HAM,CGN,economy,58798
STR,TXL,economy,71276
TXL,CGN,economy,67215
PMI,CGN,economy,120292
TXL,STR,economy,71276
CGN,MUC,economy,64971
HAM,MUC,economy,77315
TXL,CGN,economy,67215
CGN,TXL,economy,67215
DUS,TXL,economy,67608
DUS,HAM,economy,56582
HAM,CGN,economy,58798
HAM,CGN,economy,58798
HAM,CGN,economy,58798
HAM,CGN,economy,58798
TXL,CGN,economy,67215
TXL,CGN,economy,67215
CGN,HAM,economy,58798
HAM,CGN,economy,58798
CGN,HAM,economy,58798
CGN,HAM,economy,58798
CGN,HAM,economy,58798
HAM,CGN,economy,58798
CGN,TXL,economy,67215
MUC,CGN,economy,64971
MUC,CGN,economy,64971
STR,TXL,economy,71276
PMI,CGN,economy,120292
TXL,CGN,economy,67215
TXL,CGN,economy,67215
DUS,MUC,economy,68928
DUS,MUC,economy,68928
MUC,CGN,economy,64971
TXL,STR,economy,71276
FRA,TXL,economy,64644
FRA,TXL,economy,64644
CGN,MUC,economy,64971
DUS,HAM,economy,56582
HAM,CGN,economy,58798
TXL,CGN,economy,67215
TXL,FRA,economy,64644
TXL,FRA,economy,64644
TXL,FRA,economy,64644
CGN,MUC,economy,64971
CGN,MUC,economy,64971
CGN,TXL,economy,67215
HAM,FRA,economy,62983
CGN,HAM,economy,58798
CGN,HAM,economy,58798
CGN,TXL,economy,67215
HAM,FRA,economy,62983
TXL,CGN,economy,67215
HAM,CGN,economy,58798
TXL,CGN,economy,67215
HAM,CGN,economy,58798
TXL,CGN,economy,67215
TXL,FRA,economy,64644
MUC,TXL,economy,68465
DUS,TXL,economy,67608
HAM,FRA,economy,62983
HAM,CGN,economy,58798
HAM,CGN,economy,58798
CGN,HAM,economy,58798
HAM,FRA,economy,62983
HAM,CGN,economy,58798
HAM,CGN,economy,58798
HAM,CGN,economy,58798
HAM,CGN,economy,58798
CGN,TXL,economy,67215
CGN,HAM,economy,58798
HAM,MUC,economy,77315
MUC,TXL,economy,68465
HAM,CGN,economy,58798
CGN,MUC,economy,64971
HAM,CGN,economy,58798
CGN,MUC,economy,64971
HAM,CGN,economy,58798
HAM,CGN,economy,58798
HAM,CGN,economy,58798
LEJ,DUS,economy,60227
DRS,CGN,economy,67294
HAM,STR,economy,73844
CGN,TXL,economy,67215
HAM,CGN,economy,58798
HAM,CGN,economy,58798
CGN,VIE,economy,87024
CGN,HAM,economy,58798
HAM,CGN,economy,58798
TXL,CGN,economy,67215
TXL,CGN,economy,67215
TXL,CGN,economy,67215
DRS,DUS,economy,69082
TXL,CGN,economy,67215
DUS,DRS,economy,69082
CGN,HAM,economy,58798
CGN,DRS,economy,67294
HAM,CGN,economy,58798
STR,TXL,economy,71276
MUC,CGN,economy,64971
TXL,CGN,economy,67215
CGN,MUC,economy,64971
CGN,MUC,economy,64971
HAM,STR,economy,73844
CGN,TXL,economy,67215
CGN,VIE,economy,87024
DUS,VIE,economy,89687
DUS,VIE,economy,89687
TXL,CGN,economy,67215
HAM,CGN,economy,58798
HAM,CGN,economy,58798
HAM,CGN,economy,58798
HAM,CGN,economy,58798
DRS,CGN,economy,67294
CGN,HAM,economy,58798
TXL,CGN,economy,67215
LEJ,DUS,economy,60227
HAM,CGN,economy,58798
MUC,CGN,economy,64971
TXL,CGN,economy,67215
FRA,TXL,economy,64644
CGN,HAM,economy,58798
STR,TXL,economy,71276
DRS,DUS,economy,69082
DUS,DRS,economy,69082
FRA,TXL,economy,64644
FRA,TXL,economy,64644
HAM,CGN,economy,58798
HAM,CGN,economy,58798
HAM,CGN,economy,58798
CGN,DRS,economy,67294
FRA,TXL,economy,64644
HAM,CGN,economy,58798
CGN,BER,economy,67686
CGN,TXL,economy,67215
DUS,HAM,economy,56582
HAM,CGN,economy,58798
TXL,CGN,economy,67215
TXL,CGN,economy,67215
CGN,MUC,economy,64971
HAM,CGN,economy,58798
TXL,CGN,economy,67215
TXL,CGN,economy,67215
TXL,CGN,economy,67215
CGN,TXL,economy,67215
CGN,HAM,economy,58798
CGN,HAM,economy,58798
TXL,CGN,economy,67215
TXL,CGN,economy,67215
CGN,MUC,economy,64971
DUS,TXL,economy,67608
CGN,TXL,economy,67215
HAM,CGN,economy,58798
CGN,TXL,economy,67215
CGN,TXL,economy,67215
HAM,DUS,economy,56582
CGN,MUC,economy,64971
TXL,CGN,economy,67215
TXL,CGN,economy,67215
CGN,MUC,economy,64971
DRS,CGN,economy,67294
STR,HAM,economy,73844
TXL,CGN,economy,67215
CGN,TXL,economy,67215
TXL,CGN,economy,67215
TXL,CGN,economy,67215
MUC,CGN,economy,64971
MUC,CGN,economy,64971
CGN,TXL,economy,67215
TXL,CGN,economy,67215
TXL,CGN,economy,67215
CGN,TXL,economy,67215
MUC,CGN,economy,64971
MUC,CGN,economy,64971
MUC,LEJ,economy,56864
MUC,CGN,economy,64971
TXL,CGN,economy,67215
CGN,MUC,economy,64971
CGN,TXL,economy,67215
CGN,TXL,economy,67215
MUC,CGN,economy,64971
CGN,MUC,economy,64971
CGN,MUC,economy,64971
CGN,MUC,economy,64971
HAM,CGN,economy,58798
TXL,FRA,economy,64644
TXL,FRA,economy,64644
CGN,HAM,economy,58798
DUS,HAM,economy,56582
TXL,CGN,economy,67215
MUC,LEJ,economy,56864
MUC,CGN,economy,64971
MUC,CGN,economy,64971
MUC,CGN,economy,64971
HAM,DUS,economy,56582
TXL,CGN,economy,67215
TXL,CGN,economy,67215
STR,HAM,economy,73844
MUC,CGN,economy,64971
CGN,TXL,economy,67215
HAM,CGN,economy,58798
TXL,CGN,economy,67215
DUS,TXL,economy,67608
CGN,TXL,economy,67215
TXL,CGN,economy,67215
MUC,CGN,economy,64971
MUC,CGN,business,85274
HAM,CGN,economy,58798
CGN,HAM,economy,58798
FRA,BER,economy,64562
DRS,CGN,economy,67294
FRA,BER,economy,64562
CGN,BER,economy,67686
HAM,CGN,economy,58798
HAM,CGN,economy,58798
TXL,CGN,economy,67215
CGN,HAM,economy,58798
MUC,CGN,economy,64971
TXL,CGN,economy,67215
MUC,CGN,economy,64971
CGN,TXL,economy,67215
CGN,HAM,economy,58798
HAM,CGN,economy,58798
MUC,TXL,economy,68465
TXL,CGN,economy,67215
MUC,CGN,economy,64971
MUC,CGN,economy,64971
MUC,TXL,economy,68465
MUC,CGN,economy,64971
MUC,CGN,economy,64971
CGN,TXL,economy,67215
TXL,CGN,economy,67215
MUC,CGN,economy,64971
MUC,CGN,economy,64971
MUC,CGN,economy,64971
CGN,HAM,economy,58798
CGN,HAM,economy,58798
BER,CGN,economy,67686
BER,CGN,economy,67686
HAM,CGN,economy,58798
MUC,CGN,economy,64971
BER,CGN,economy,67686
MUC,CGN,economy,64971
MUC,CGN,economy,64971
CGN,MUC,economy,64971
MUC,CGN,economy,64971
MUC,CGN,economy,64971
MUC,CGN,economy,64971
HAM,FRA,economy,62983
HAM,FRA,economy,62983
MUC,CGN,economy,64971
CGN,MUC,economy,64971
BER,CGN,economy,67686
MUC,CGN,economy,64971
MUC,CGN,economy,64971
MUC,CGN,economy,64971
MUC,CGN,economy,64971
MUC,CGN,economy,64971
MUC,CGN,economy,64971
MUC,CGN,economy,64971
MUC,CGN,economy,64971
LCY,EDI,economy,73264
LCY,EDI,economy,73264
CGN,TXL,economy,67215
TXL,CGN,economy,67215
MUC,CGN,economy,64971
HAM,DUS,economy,56582
PMI,STR,economy,110755
CGN,TXL,economy,67215
CGN,TXL,economy,67215
TXL,CGN,economy,67215
HAM,CGN,economy,58798
CGN,HAM,economy,58798
CGN,HAM,economy,58798
NUE,HAM,economy,67373
STR,HAM,economy,73844
PMI,DUS,economy,122475
CGN,TXL,economy,67215
TXL,CGN,economy,67215
TXL,CGN,economy,67215
TXL,CGN,economy,67215
TXL,CGN,economy,67215
HAM,CGN,economy,58798
LEJ,CGN,economy,58526
TXL,DUS,economy,67608
HAM,CGN,economy,58798
MUC,DUS,economy,68928
CGN,HAM,economy,58798
CGN,HAM,economy,58798
CGN,HAM,economy,58798
CGN,TXL,economy,67215
TXL,CGN,economy,67215
HAM,CGN,economy,58798
HAM,CGN,economy,58798
LEJ,CGN,economy,58526
MUC,CGN,economy,64971
MUC,CGN,economy,64971
MUC,CGN,economy,64971
MUC,CGN,economy,64971
MUC,CGN,economy,64971
TXL,DUS,economy,67608
TXL,DUS,economy,67608
CGN,HAM,economy,58798
CGN,HAM,economy,58798
CGN,HAM,economy,58798
CGN,HAM,economy,58798
CGN,MUC,economy,64971
CGN,MUC,economy,64971
CGN,TXL,economy,67215
CGN,TXL,economy,67215
CGN,TXL,economy,67215
TXL,CGN,economy,67215
MUC,CGN,economy,64971
MUC,CGN,economy,64971
MUC,CGN,economy,64971
HAM,DUS,economy,56582
HAM,DUS,economy,56582
CGN,HAM,economy,58798
CGN,HAM,economy,58798
CGN,TXL,economy,67215
CGN,TXL,economy,67215
TXL,CGN,economy,67215
TXL,CGN,economy,67215
TXL,CGN,economy,67215
HAM,CGN,economy,58798
HAM,CGN,economy,58798
HAM,CGN,economy,58798
HAM,CGN,economy,58798
HAM,CGN,economy,58798
MUC,CGN,economy,64971
MUC,CGN,economy,64971
MUC,CGN,economy,64971
HAM,DUS,economy,56582
CGN,HAM,economy,58798
CGN,HAM,economy,58798
CGN,HAM,economy,58798
CGN,MUC,economy,64971
CGN,MUC,economy,64971
CGN,MUC,economy,64971
HAM,STR,economy,73844
PMI,DUS,economy,122475
LHR,CGN,economy,72607
LHR,DUS,economy,70149
TXL,CGN,economy,67215
TXL,CGN,economy,67215
TXL,CGN,economy,67215
TXL,CGN,economy,67215
TXL,CGN,economy,67215
TXL,CGN,economy,67215
HAM,CGN,economy,58798
HAM,CGN,economy,58798
LEJ,CGN,economy,58526
LEJ,CGN,economy,58526
MUC,CGN,economy,64971
MUC,DUS,economy,68928
NUE,DUS,economy,58888
DUS,HAM,economy,56582
CGN,MUC,economy,64971
CGN,MUC,economy,64971
CGN,MUC,economy,64971
CGN,TXL,economy,67215
CGN,TXL,economy,67215
CGN,TXL,economy,67215
CGN,TXL,economy,67215
CGN,TXL,economy,67215
CGN,TXL,economy,67215
TXL,CGN,economy,67215
TXL,CGN,economy,67215
TXL,CGN,economy,67215
HAM,CGN,economy,58798
MUC,CGN,economy,64971
CGN,DRS,economy,67294
CGN,HAM,economy,58798
CGN,HAM,economy,58798
CGN,HAM,economy,58798
CGN,HAM,economy,58798
CGN,MUC,economy,64971
CGN,MUC,economy,64971
CDG,DUS,economy,61362
WRO,DUS,economy,84310
CGN,TXL,economy,67215
CGN,TXL,economy,67215
CGN,TXL,economy,67215
CGN,TXL,economy,67215
CGN,TXL,economy,67215
CGN,TXL,economy,67215
TXL,CGN,economy,67215
TXL,CGN,economy,67215
CGN,HAM,economy,58798
CGN,HAM,economy,58798
CGN,HAM,economy,58798
CGN,HAM,economy,58798
CGN,HAM,economy,58798
CGN,HAM,economy,58798
CGN,HAM,economy,58798
CGN,HAM,economy,58798
DUS,HAM,economy,56582
CGN,MUC,economy,64971
CGN,MUC,economy,64971
DUS,NUE,economy,58888
CGN,TXL,economy,67215
CGN,TXL,economy,67215
TXL,CGN,economy,67215
TXL,CGN,economy,67215
HAM,CGN,economy,58798
CGN,HAM,economy,58798
CGN,HAM,economy,58798
CGN,MUC,economy,64971
CGN,MUC,economy,64971
CGN,MUC,economy,64971
HAM,MUC,economy,77315
HAM,NUE,economy,67373
ZRH,CGN,economy,61276
CGN,TXL,economy,67215
CGN,TXL,economy,67215
CGN,TXL,economy,67215
TXL,CGN,economy,67215
TXL,CGN,economy,67215
TXL,CGN,economy,67215
TXL,CGN,economy,67215
TXL,CGN,economy,67215
TXL,CGN,economy,67215
TXL,CGN,economy,67215
TXL,CGN,economy,67215
HAM,CGN,economy,58798
HAM,CGN,economy,58798
MUC,CGN,economy,64971
TXL,DUS,economy,67608
TXL,DUS,economy,67608
MUC,DUS,economy,68928
CGN,HAM,economy,58798
CGN,HAM,economy,58798
STR,HAM,economy,73844
CGN,MUC,economy,64971
PMI,DUS,economy,122475
CGN,TXL,economy,67215
TXL,CGN,economy,67215
TXL,CGN,economy,67215
TXL,CGN,economy,67215
TXL,CGN,economy,67215
TXL,CGN,economy,67215
TXL,CGN,economy,67215
HAM,CGN,economy,58798
MUC,CGN,economy,64971
MUC,CGN,economy,64971
CGN,HAM,economy,58798
CGN,HAM,economy,58798
CGN,HAM,economy,58798
CGN,TXL,economy,67215
TXL,CGN,economy,67215
TXL,CGN,economy,67215
TXL,CGN,economy,67215
TXL,CGN,economy,67215
HAM,CGN,economy,58798
MUC,CGN,economy,64971
MUC,CGN,economy,64971
MUC,CGN,economy,64971
TXL,DUS,economy,67608
CGN,HAM,economy,58798
CGN,HAM,economy,58798
CGN,HAM,economy,58798
CGN,HAM,economy,58798
CGN,HAM,economy,58798
CGN,HAM,economy,58798
CGN,HAM,economy,58798
CGN,LEJ,economy,58526
CGN,MUC,economy,64971
CGN,MUC,economy,64971
CGN,MUC,economy,64971
CDG,DUS,economy,61362
ZRH,CGN,economy,61276
TXL,CGN,economy,67215
HAM,CGN,economy,58798
HAM,DUS,economy,56582
MUC,CGN,economy,64971
TXL,DUS,economy,67608
CGN,HAM,economy,58798
CGN,HAM,economy,58798
CGN,HAM,economy,58798
CGN,HAM,economy,58798
TXL,CGN,economy,67215
TXL,CGN,economy,67215
TXL,CGN,economy,67215
TXL,CGN,economy,67215
TXL,CGN,economy,67215
HAM,CGN,economy,58798
HAM,CGN,economy,58798
MUC,CGN,economy,64971
MUC,CGN,economy,64971
MUC,CGN,economy,64971
CGN,HAM,economy,58798
CGN,HAM,economy,58798
CGN,HAM,economy,58798
CGN,HAM,economy,58798
CGN,HAM,economy,58798
CGN,HAM,economy,58798
STR,TXL,economy,71276
TXL,CGN,economy,67215
TXL,CGN,economy,67215
MUC,CGN,economy,64971
MUC,CGN,economy,64971
MUC,CGN,economy,64971
MUC,CGN,economy,64971
MUC,CGN,economy,64971
MUC,CGN,economy,64971
MUC,CGN,economy,64971
MUC,DUS,economy,68928
ZRH,CGN,economy,61276
CGN,TXL,economy,67215
TXL,CGN,economy,67215
TXL,CGN,economy,67215
HAM,CGN,economy,58798
HAM,CGN,economy,58798
NUE,HAM,economy,67373
CGN,MUC,economy,64971
LHR,CGN,economy,72607
CGN,TXL,economy,67215
STR,TXL,economy,71276
TXL,CGN,economy,67215
HAM,CGN,economy,58798
HAM,DUS,economy,56582
MUC,CGN,economy,64971
TXL,DUS,economy,67608
TXL,DUS,economy,67608
STR,TXL,economy,71276
TXL,CGN,economy,67215
TXL,CGN,economy,67215
TXL,CGN,economy,67215
TXL,CGN,economy,67215
LEJ,CGN,economy,58526
MUC,CGN,economy,64971
TXL,DUS,economy,67608
NUE,DUS,economy,58888
CGN,HAM,economy,58798
CGN,HAM,economy,58798
CGN,HAM,economy,58798
CGN,HAM,economy,58798
CGN,HAM,economy,58798
CGN,MUC,economy,64971
ZRH,CGN,economy,61276
ZRH,CGN,economy,61276
ZRH,CGN,economy,61276
CGN,TXL,economy,67215
TXL,CGN,economy,67215
LEJ,CGN,economy,58526
LEJ,CGN,economy,58526
LEJ,CGN,economy,58526
CGN,HAM,economy,58798
HAM,STR,economy,73844
FCO,DUS,economy,110464
FCO,DUS,economy,110464
PMI,CGN,economy,120292
ZRH,CGN,economy,61276
MUC,CGN,economy,64971
NUE,DUS,economy,58888
NUE,DUS,economy,58888
VIE,CGN,economy,87024
CGN,TXL,economy,67215
CGN,TXL,economy,67215
TXL,CGN,economy,67215
TXL,CGN,economy,67215
TXL,CGN,economy,67215
TXL,CGN,economy,67215
HAM,CGN,economy,58798
HAM,CGN,economy,58798
HAM,DUS,economy,56582
NUE,DUS,economy,58888
NUE,DUS,economy,58888
CGN,HAM,economy,58798
CGN,MUC,economy,64971
CGN,MUC,economy,64971
STR,HAM,economy,73844
CDG,TXL,economy,93543
CGN,TXL,economy,67215
MUC,DTM,economy,67057
MUC,CGN,economy,64971
TXL,CGN,economy,67215
CGN,HAM,economy,58798
HAM,CGN,economy,58798
HAM,CGN,economy,58798
HAM,CGN,economy,58798
HAM,CGN,economy,58798
CGN,HAM,economy,58798
CGN,MUC,economy,64971
CDG,DUS,economy,61362
LCY,DUS,economy,67373
LCY,DUS,economy,67373
HAM,MUC,economy,77315
HAM,MUC,economy,77315
CGN,MUC,economy,64971
TXL,CGN,economy,67215
MUC,CGN,economy,64971
MUC,CGN,economy,64971
HAM,CGN,economy,58798
MUC,DTM,economy,67057
CGN,TXL,economy,67215
HAM,CGN,economy,58798
CGN,HAM,economy,58798
CGN,MUC,economy,64971
LEJ,CGN,economy,58526
CGN,HAM,economy,58798
CGN,TXL,economy,67215
CGN,TXL,economy,67215
MUC,CGN,economy,64971
HAM,DUS,economy,56582
CGN,MUC,economy,64971
LHR,CGN,economy,72607
TXL,CGN,economy,67215
STR,DUS,economy,56394
CGN,TXL,economy,67215
WRO,DUS,economy,84310
CGN,MUC,economy,64971
CGN,HAM,economy,58798
ARN,DUS,economy,112092
MUC,DTM,economy,67057
STN,CGN,economy,69465
STN,CGN,economy,69465
MUC,CGN,economy,64971
CGN,TXL,economy,67215
TXL,CGN,economy,67215
CGN,TXL,economy,67215
TXL,CGN,economy,67215
CGN,TXL,economy,67215
MUC,CGN,economy,64971
CGN,HAM,economy,58798
CGN,TXL,economy,67215
CGN,TXL,economy,67215
CGN,TXL,economy,67215
CGN,TXL,economy,67215
CGN,HAM,economy,58798
LHR,DUS,economy,70149
CGN,TXL,economy,67215
CGN,TXL,economy,67215
DUS,HAM,economy,56582
STR,DUS,economy,56394
CGN,MUC,economy,64971
CGN,MUC,economy,64971
CGN,MUC,economy,64971
CGN,MUC,economy,64971
HAM,CGN,economy,58798
CGN,MUC,economy,64971
CGN,HAM,economy,58798
ZRH,DUS,economy,65700
CGN,MUC,economy,64971
CGN,MUC,economy,64971
TXL,CGN,economy,67215
CGN,HAM,economy,58798
STR,HAM,economy,73844
CGN,TXL,economy,67215
ARN,DUS,economy,112092
CGN,TXL,economy,67215
CGN,MUC,economy,64971
CGN,MUC,economy,64971
CGN,MUC,economy,64971
MUC,CGN,economy,64971
CGN,TXL,economy,67215
TXL,CGN,economy,67215
CGN,TXL,economy,67215
TXL,CGN,economy,67215
MUC,DUS,economy,68928
MUC,CGN,economy,64971
MUC,CGN,economy,64971
HAM,MUC,economy,77315
MUC,CGN,economy,64971
MUC,CGN,economy,64971
TXL,CGN,economy,67215
TXL,CGN,economy,67215
CGN,HAM,economy,58798
HAM,STR,economy,73844
TXL,CGN,economy,67215
CGN,MUC,economy,64971
CGN,MUC,economy,64971
TXL,CGN,economy,67215
CGN,HAM,economy,58798
MUC,PAD,economy,64315
MUC,PAD,economy,64315
ZRH,DUS,economy,65700
CGN,TXL,economy,67215
MUC,DUS,economy,68928
MUC,DUS,economy,68928
MUC,DUS,economy,68928
MUC,DUS,economy,68928
TXL,CGN,economy,67215
CGN,MUC,economy,64971
HAM,DUS,economy,56582
LIN,CDG,economy,80329
LIN,CDG,economy,80329
MUC,DTM,economy,67057
CGN,HAM,economy,58798
CDG,TXL,economy,93543
CGN,MUC,economy,64971
TXL,CGN,economy,67215
CDG,DUS,economy,61362
CDG,DUS,economy,61362
CGN,MUC,economy,64971
CGN,HAM,economy,58798
CGN,MUC,economy,64971
CGN,MUC,economy,64971
MUC,CGN,economy,64971
TXL,CGN,economy,67215
CGN,HAM,economy,58798
HAM,CGN,economy,58798
FRA,TXL,economy,64644
CGN,MUC,economy,64971
ZRH,CGN,economy,61276
CGN,MUC,economy,64971
CGN,MUC,economy,64971
TXL,CGN,economy,67215
CGN,HAM,economy,58798
CGN,MUC,economy,64971
CGN,MUC,economy,64971
LHR,HAM,economy,86960
CGN,HAM,economy,58798
MUC,CGN,economy,64971
CGN,MUC,economy,64971
CGN,MUC,economy,64971
CGN,HAM,economy,58798
CGN,HAM,economy,58798
MUC,CGN,economy,64971
MUC,DUS,economy,68928
LHR,CGN,economy,72607
MUC,CGN,economy,64971
CGN,TXL,economy,67215
CGN,MUC,economy,64971
LGW,DUS,economy,68851
LEJ,CGN,economy,58526
LEJ,CGN,economy,58526
ZRH,CGN,economy,61276
CGN,TXL,economy,67215
CDG,TXL,economy,93543
HAM,CGN,economy,58798
TXL,CGN,economy,67215
HAM,DUS,economy,56582
CGN,HAM,economy,58798
HAM,CGN,economy,58798
CGN,MUC,economy,64971
TXL,FRA,economy,64644
TXL,FRA,economy,64644
MUC,CGN,economy,64971
CGN,MUC,economy,64971
TXL,CGN,economy,67215
MUC,CGN,economy,64971
MUC,CGN,economy,64971
TXL,CGN,economy,67215
TXL,CGN,economy,67215
TXL,CGN,economy,67215
MUC,DUS,economy,68928
TXL,CGN,economy,67215
NUE,DUS,economy,58888
CGN,MUC,economy,64971
TXL,CGN,economy,67215
CGN,HAM,economy,58798
CGN,MUC,economy,64971
CGN,MUC,economy,64971
TXL,CGN,economy,67215
CGN,MUC,economy,64971
CGN,MUC,economy,64971
CGN,MUC,economy,64971
CGN,MUC,economy,64971
TXL,CGN,economy,67215
TXL,CGN,economy,67215
MUC,CGN,economy,64971
TXL,CGN,economy,67215
HAM,CGN,economy,58798
TXL,CGN,economy,67215
CGN,MUC,economy,64971
CGN,HAM,economy,58798
HAM,CGN,economy,58798
TXL,CGN,economy,67215
TXL,CGN,economy,67215
TXL,CGN,economy,67215
CGN,MUC,economy,64971
MUC,CGN,economy,64971
MUC,CGN,economy,64971
CGN,MUC,economy,64971
TXL,CGN,economy,67215
HAM,CGN,economy,58798
MUC,CGN,economy,64971
TXL,DUS,economy,67608
TXL,CGN,economy,67215
TXL,DUS,economy,67608
MUC,DUS,economy,68928
MUC,DUS,economy,68928
NUE,DUS,economy,58888
TXL,CGN,economy,67215
TXL,CGN,economy,67215
LEJ,CGN,economy,58526
CGN,TXL,economy,67215
TXL,CGN,economy,67215
MUC,DUS,economy,68928
MUC,DUS,economy,68928
NUE,DUS,economy,58888
NUE,DUS,economy,58888
MUC,DTM,economy,67057
MUC,DTM,economy,67057
TXL,CGN,economy,67215
TXL,CGN,economy,67215
TXL,DUS,economy,67608
TXL,FRA,economy,64644
CGN,HAM,economy,58798
HAM,DUS,economy,56582
MUC,CGN,economy,64971
MUC,CGN,economy,64971
ZRH,CGN,economy,61276
CGN,MUC,economy,64971
CGN,MUC,economy,64971
DUS,HAM,economy,56582
CGN,MUC,economy,64971
LHR,HAM,economy,86960
TXL,CGN,economy,67215
TXL,CGN,economy,67215
TXL,CGN,economy,67215
MUC,CGN,economy,64971
CGN,TXL,economy,67215
TXL,FRA,economy,64644
CGN,MUC,economy,64971
CGN,MUC,economy,64971
TXL,CGN,economy,67215
TXL,CGN,economy,67215
HAM,CGN,economy,58798
HAM,CGN,economy,58798
TXL,DUS,economy,67608
CGN,HAM,economy,58798
CGN,MUC,economy,64971
LGW,DUS,economy,68851
CDG,TXL,economy,93543
HAM,DUS,economy,56582
HAM,MUC,economy,77315
TXL,FRA,economy,64644
CGN,HAM,economy,58798
TXL,DUS,economy,67608
TXL,FRA,economy,64644
TXL,FRA,economy,64644
TXL,FRA,economy,64644
CGN,TXL,economy,67215
FRA,TXL,economy,64644
HAM,DUS,economy,56582
FRA,TXL,economy,64644
CGN,MUC,economy,64971
CGN,MUC,economy,64971
CGN,TXL,economy,67215
HAM,CGN,economy,58798
HAM,MUC,economy,77315
HAM,NUE,economy,67373
HAM,CGN,economy,58798
HAM,FRA,economy,62983
HAM,FRA,economy,62983
CGN,HAM,economy,58798
MUC,CGN,economy,64971
CGN,MUC,economy,64971
TXL,CGN,economy,67215
TXL,CGN,economy,67215
CGN,HAM,economy,58798
TXL,CGN,economy,67215
TXL,CGN,economy,67215
HAM,MUC,economy,77315
TXL,DUS,economy,67608
MUC,CGN,economy,64971
MUC,CGN,economy,64971
CGN,MUC,economy,64971
TXL,DUS,economy,67608
CGN,HAM,economy,58798
CGN,HAM,economy,58798
CGN,MUC,economy,64971
CGN,HAM,economy,58798
TXL,FRA,economy,64644
HAM,MUC,economy,77315
MUC,CGN,economy,64971
MUC,CGN,economy,64971
FRA,TXL,economy,64644
CGN,MUC,economy,64971
TXL,FRA,economy,64644
TXL,CGN,economy,67215
CGN,TXL,economy,67215
CGN,TXL,economy,67215
DUS,NUE,economy,58888
CGN,HAM,economy,58798
CGN,HAM,economy,58798
TXL,CGN,economy,67215
TXL,CGN,economy,67215
TXL,CGN,economy,67215
HAM,CGN,economy,58798
CGN,HAM,economy,58798
CGN,HAM,economy,58798
ZRH,CGN,economy,61276
CGN,HAM,economy,58798
ZRH,CGN,economy,61276
CGN,MUC,economy,64971
TXL,CGN,economy,67215
TXL,CGN,economy,67215
TXL,CGN,economy,67215
ZRH,CGN,economy,61276
MUC,CGN,economy,64971
NUE,DUS,economy,58888
ZRH,CGN,economy,61276
HAM,CGN,economy,58798
MUC,HAM,economy,77315
MUC,HAM,economy,77315
MUC,CGN,economy,64971
MUC,CGN,economy,64971
MUC,CGN,economy,64971
MUC,CGN,economy,64971
MUC,FRA,economy,52565
MUC,FRA,economy,52565
MUC,FRA,economy,52565
MUC,FRA,economy,52565
CGN,MUC,economy,64971
CGN,MUC,economy,64971
CGN,DRS,economy,67294
CGN,HAM,economy,58798
CGN,MUC,economy,64971
CGN,HAM,economy,58798
CGN,HAM,economy,58798
CGN,HAM,economy,58798
CGN,HAM,economy,58798
CGN,TXL,economy,67215
MUC,CGN,economy,64971
VIE,CGN,economy,87024
MUC,CGN,economy,64971
CGN,HAM,economy,58798
MUC,CGN,economy,64971
MUC,CGN,economy,64971
MUC,CGN,economy,64971
CGN,MUC,economy,64971
CGN,MUC,economy,64971
CDG,DUS,economy,61362
CGN,MUC,economy,64971
TXL,CGN,economy,67215
CGN,HAM,economy,58798
CGN,HAM,economy,58798
TXL,CGN,economy,67215
CGN,HAM,economy,58798
TXL,FRA,economy,64644
MUC,DUS,economy,68928
FCO,DUS,economy,110464
FCO,DUS,economy,110464
TXL,CGN,economy,67215
NUE,DUS,economy,58888
FCO,DUS,economy,110464
CGN,HAM,economy,58798
MUC,HAM,economy,77315
MUC,HAM,economy,77315
MUC,CGN,economy,64971
MUC,CGN,economy,64971
MUC,CGN,economy,64971
MUC,CGN,economy,64971
CGN,MUC,economy,64971
MUC,CGN,economy,64971
MUC,CGN,economy,64971
MUC,CGN,economy,64971
MUC,CGN,economy,64971
MUC,CGN,economy,64971
MUC,DUS,economy,68928
MUC,CGN,economy,64971
CGN,MUC,economy,64971
MUC,CGN,economy,64971
CGN,TXL,economy,67215
MUC,CGN,economy,64971
MUC,CGN,economy,64971
MUC,BRE,economy,74635
MUC,CGN,economy,64971
MUC,CGN,economy,64971
MUC,CGN,economy,64971
CGN,MUC,economy,64971
CGN,HAM,economy,58798
MUC,CGN,economy,64971
CGN,MUC,economy,64971
MUC,CGN,economy,64971
MUC,FRA,economy,52565
MUC,CGN,economy,64971
MUC,CGN,economy,64971
MUC,CGN,economy,64971
MUC,CGN,economy,64971
MUC,CGN,economy,64971
CGN,MUC,economy,64971
CGN,MUC,economy,64971
CGN,HAM,economy,58798
MUC,DUS,economy,68928
CGN,HAM,economy,58798
FCO,DUS,economy,110464
MUC,BRE,economy,74635
CGN,MUC,economy,64971
TXL,CGN,economy,67215
MUC,HAM,economy,77315
MUC,HAM,economy,77315
CGN,MUC,economy,64971
MUC,CGN,economy,64971
MUC,CGN,economy,64971
MUC,DUS,economy,68928
MUC,HAM,economy,77315
MUC,HAM,economy,77315
MUC,CGN,economy,64971
MUC,CGN,economy,64971
MUC,CGN,economy,64971
MUC,CGN,economy,64971
MAN,FRA,economy,92432
CGN,TXL,economy,67215
CGN,TXL,economy,67215
VIE,CGN,economy,87024
MUC,BRE,economy,74635
MUC,CGN,economy,64971
MUC,CGN,economy,64971
MUC,CGN,economy,64971
MUC,CGN,economy,64971
CGN,HAM,economy,58798
MUC,CGN,economy,64971
CGN,HAM,economy,58798
MUC,FRA,economy,52565
CGN,TXL,economy,67215
CGN,TXL,economy,67215
CGN,HAM,economy,58798
MUC,BRE,economy,74635
MUC,CGN,economy,64971
MUC,CGN,economy,64971
ZRH,DUS,economy,65700
ZRH,CGN,economy,61276
CGN,HAM,economy,58798
CGN,HAM,economy,58798
MUC,CGN,economy,64971
ZRH,FRA,economy,51221
CGN,MUC,economy,64971
ZRH,CGN,economy,61276
ZRH,DUS,economy,65700
ZRH,FRA,economy,51221
MAN,FRA,economy,92432
TXL,CGN,economy,67215
LEJ,CGN,economy,58526
CGN,MUC,economy,64971
CGN,MUC,economy,64971
TXL,CGN,economy,67215
TXL,CGN,economy,67215
PMI,CGN,economy,120292
PMI,CGN,economy,120292
LEJ,CGN,economy,58526
PMI,STR,economy,110755
NUE,HAM,economy,67373
PMI,DUS,economy,122475
PMI,CGN,economy,120292
PMI,CGN,economy,120292
PMI,CGN,economy,120292
PMI,CGN,economy,120292
PMI,DUS,economy,122475
CGN,HAM,economy,58798
CGN,HAM,economy,58798
HAM,CGN,economy,58798
CGN,TXL,economy,67215
TXL,CGN,economy,67215
PMI,DUS,economy,122475
TXL,CGN,economy,67215
PMI,CGN,economy,120292
PMI,CGN,economy,120292
PMI,CGN,economy,120292
PMI,CGN,economy,120292
TXL,CGN,economy,67215
NUE,HAM,economy,67373
MUC,CGN,economy,64971
PMI,CGN,economy,120292
PMI,CGN,economy,120292
PMI,CGN,economy,120292
PMI,CGN,economy,120292
PMI,CGN,economy,120292
MUC,CGN,economy,64971
CGN,TXL,economy,67215
HAM,CGN,economy,58798
MUC,CGN,economy,64971
MUC,CGN,economy,64971
TXL,FRA,economy,64644
TXL,CGN,economy,67215
MUC,DUS,economy,68928
MUC,DUS,economy,68928
VIE,CGN,economy,87024
MUC,CGN,economy,64971
HAM,CGN,economy,58798
HAM,FRA,economy,62983
HAM,CGN,economy,58798
HAM,CGN,economy,58798
CGN,LEJ,economy,58526
TXL,DUS,economy,67608
HAM,CGN,economy,58798
STR,TXL,economy,71276
HAM,STR,economy,73844
HAM,MUC,economy,77315
CGN,TXL,economy,67215
CGN,TXL,economy,67215
TXL,DUS,economy,67608
CGN,HAM,economy,58798
TXL,CGN,economy,67215
HAM,CGN,economy,58798
CGN,MUC,economy,64971
CGN,MUC,economy,64971
CGN,MUC,economy,64971
HAM,FRA,economy,62983
LEJ,CGN,economy,58526
LEJ,CGN,economy,58526
LEJ,FRA,economy,52769
LEJ,FRA,economy,52769
LEJ,FRA,economy,52769
LEJ,FRA,economy,52769
LEJ,FRA,economy,52769
CGN,HAM,economy,58798
TXL,CGN,economy,67215
LIN,FRA,economy,70977
STR,TXL,economy,71276
CGN,MUC,economy,64971
CGN,MUC,economy,64971
STR,TXL,economy,71276
LEJ,FRA,economy,52769
LEJ,FRA,economy,52769
LEJ,FRA,economy,52769
LEJ,FRA,economy,52769
CGN,TXL,economy,67215
HAM,DUS,economy,56582
CGN,HAM,economy,58798
HAM,MUC,economy,77315
HAM,FRA,economy,62983
LEJ,FRA,economy,52769
LEJ,FRA,economy,52769
LEJ,FRA,economy,52769
LEJ,FRA,economy,52769
LEJ,FRA,economy,52769
LEJ,FRA,economy,52769
LEJ,FRA,economy,52769
LEJ,FRA,economy,52769
LEJ,FRA,economy,52769
HAM,FRA,economy,62983
LIN,FRA,economy,70977
CGN,TXL,economy,67215
CGN,TXL,economy,67215
TXL,CGN,economy,67215
TXL,CGN,economy,67215
TXL,CGN,economy,67215
TXL,CGN,economy,67215
TXL,DUS,economy,67608
MUC,CGN,economy,64971
MUC,CGN,economy,64971
CGN,MUC,economy,64971
CGN,MUC,economy,64971
TXL,CGN,economy,67215
MUC,DUS,economy,68928
CGN,MUC,economy,64971
VIE,CGN,economy,87024
VIE,CGN,economy,87024
VIE,DUS,economy,89687
ZRH,CGN,economy,61276
CGN,TXL,economy,67215
DUS,TXL,economy,67608
TXL,CGN,economy,67215
TXL,CGN,economy,67215
TXL,CGN,economy,67215
TXL,CGN,economy,67215
HAM,CGN,economy,58798
HAM,CGN,economy,58798
HAM,CGN,economy,58798
CGN,HAM,economy,58798
CGN,HAM,economy,58798
CGN,TXL,economy,67215
CGN,TXL,economy,67215
DUS,TXL,economy,67608
TXL,CGN,economy,67215
TXL,CGN,economy,67215
HAM,CGN,economy,58798
MUC,CGN,economy,64971
MUC,CGN,economy,64971
CGN,HAM,economy,58798
CGN,HAM,economy,58798
CGN,HAM,economy,58798
CGN,HAM,economy,58798
CGN,MUC,economy,64971
DRS,STR,economy,63985
CGN,MAN,economy,83983
ZRH,CGN,economy,61276
ZRH,CGN,economy,61276
ZRH,CGN,economy,61276
CGN,TXL,economy,67215
CGN,TXL,economy,67215
TXL,CGN,economy,67215
TXL,CGN,economy,67215
TXL,CGN,economy,67215
HAM,CGN,economy,58798
HAM,CGN,economy,58798
HAM,CGN,economy,58798
HAM,CGN,economy,58798
LEJ,CGN,economy,58526
CGN,HAM,economy,58798
CGN,HAM,economy,58798
CGN,HAM,economy,58798
CGN,LEJ,economy,58526
CGN,MUC,economy,64971
CGN,TXL,economy,67215
CGN,TXL,economy,67215
CGN,TXL,economy,67215
TXL,CGN,economy,67215
HAM,CGN,economy,58798
MUC,CGN,economy,64971
STR,DRS,economy,63985
CGN,HAM,economy,58798
CGN,HAM,economy,58798
CGN,HAM,economy,58798
CGN,TXL,economy,67215
TXL,CGN,economy,67215
LEJ,CGN,economy,58526
MUC,CGN,economy,64971
MUC,CGN,economy,64971
NUE,DUS,economy,58888
CGN,MUC,economy,64971
DUS,MUC,economy,68928
CGN,TXL,economy,67215
TXL,CGN,economy,67215
CGN,TXL,economy,67215
CGN,TXL,economy,67215
MUC,CGN,economy,64971
MUC,CGN,economy,64971
MUC,DUS,economy,68928
CGN,HAM,economy,58798
CGN,HAM,economy,58798
CGN,MUC,economy,64971
VIE,HAM,economy,88361
HAM,CGN,economy,58798
MUC,CGN,economy,64971
CGN,HAM,economy,58798
CGN,HAM,economy,58798
MUC,CGN,economy,64971
MUC,CGN,economy,64971
TXL,DUS,economy,67608
CGN,HAM,economy,58798
CGN,HAM,economy,58798
CGN,HAM,economy,58798
CGN,HAM,economy,58798
CGN,HAM,economy,58798
CGN,HAM,economy,58798
CGN,HAM,economy,58798
CGN,MUC,economy,64971
TXL,CGN,economy,67215
TXL,CGN,economy,67215
HAM,CGN,economy,58798
CGN,HAM,economy,58798
NUE,HAM,economy,67373
TXL,CGN,economy,67215
TXL,CGN,economy,67215
TXL,CGN,economy,67215
TXL,CGN,economy,67215
HAM,CGN,economy,58798
HAM,CGN,economy,58798
MUC,DUS,economy,68928
MUC,DUS,economy,68928
CGN,MUC,economy,64971
CGN,TXL,economy,67215
CGN,TXL,economy,67215
CGN,TXL,economy,67215
CGN,TXL,economy,67215
DRS,CGN,economy,67294
HAM,CGN,economy,58798
HAM,CGN,economy,58798
HAM,CGN,economy,58798
HAM,CGN,economy,58798
HAM,CGN,economy,58798
MUC,CGN,economy,64971
NUE,DUS,economy,58888
CGN,HAM,economy,58798
CGN,HAM,economy,58798
CGN,HAM,economy,58798
CGN,MUC,economy,64971
CGN,MUC,economy,64971
CGN,MUC,economy,64971
CGN,TXL,economy,67215
TXL,CGN,economy,67215
TXL,CGN,economy,67215
HAM,CGN,economy,58798
HAM,CGN,economy,58798
HAM,CGN,economy,58798
MUC,CGN,economy,64971
MUC,CGN,economy,64971
MUC,DUS,economy,68928
MUC,DUS,economy,68928
MUC,DUS,economy,68928
CGN,HAM,economy,58798
CGN,HAM,economy,58798
CGN,HAM,economy,58798
CGN,HAM,economy,58798
CGN,HAM,economy,58798
CGN,HAM,economy,58798
NUE,HAM,economy,67373
CGN,MUC,economy,64971
CGN,MUC,economy,64971
CGN,MUC,economy,64971
CGN,MUC,economy,64971
TXL,CGN,economy,67215
HAM,CGN,economy,58798
HAM,CGN,economy,58798
HAM,CGN,economy,58798
MUC,DTM,economy,67057
CGN,HAM,economy,58798
CGN,HAM,economy,58798
CGN,HAM,economy,58798
CGN,HAM,economy,58798
MUC,HAM,economy,77315
CGN,MUC,economy,64971
CGN,TXL,economy,67215
TXL,CGN,economy,67215
HAM,CGN,economy,58798
CGN,HAM,economy,58798
CGN,HAM,economy,58798
STR,HAM,economy,73844
STR,HAM,economy,73844
CGN,MUC,economy,64971
CDG,DUS,economy,61362
CGN,TXL,economy,67215
TXL,CGN,economy,67215
MUC,CGN,economy,64971
CGN,HAM,economy,58798
CGN,HAM,economy,58798
HAM,DUS,economy,56582
CGN,TXL,economy,67215
TXL,CGN,economy,67215
HAM,CGN,economy,58798
CGN,HAM,economy,58798
CGN,HAM,economy,58798
CGN,MUC,economy,64971
MUC,CGN,economy,64971
TXL,DUS,economy,67608
TXL,DUS,economy,67608
CGN,HAM,economy,58798
CGN,HAM,economy,58798
MUC,CGN,economy,64971
MUC,CGN,economy,64971
CGN,HAM,economy,58798
CGN,HAM,economy,58798
HAM,CGN,economy,58798
HAM,CGN,economy,58798
MUC,CGN,economy,64971
CGN,HAM,economy,58798
TXL,CGN,economy,67215
MUC,CGN,economy,64971
MUC,CGN,economy,64971
CGN,HAM,economy,58798
CPH,DUS,economy,78628
DUS,TXL,economy,67608
DUB,FRA,economy,107720
CGN,TXL,economy,67215
TXL,CGN,economy,67215
MUC,CGN,economy,64971
CGN,MAN,economy,83983
TXL,CGN,economy,67215
CGN,TXL,economy,67215
CGN,TXL,economy,67215
VIE,HAM,economy,88361
HAM,CGN,economy,58798
CGN,MUC,economy,64971
MUC,CGN,economy,64971
MUC,CGN,economy,64971
MUC,PAD,economy,64315
MUC,PAD,economy,64315
TXL,CGN,economy,67215
TXL,CGN,economy,67215
TXL,CGN,economy,67215
TXL,CGN,economy,67215
TXL,CGN,economy,67215
CGN,MUC,economy,64971
DRS,STR,economy,63985
TXL,CGN,economy,67215
TXL,CGN,economy,67215
DUS,MUC,economy,68928
DUS,MUC,economy,68928
CGN,TXL,economy,67215
NUE,DUS,economy,58888
CGN,TXL,economy,67215
LEJ,CGN,economy,58526
CGN,TXL,economy,67215
TXL,CGN,economy,67215
CGN,TXL,economy,67215
NUE,DUS,economy,58888
CGN,HAM,economy,58798
TXL,CGN,economy,67215
DUB,FRA,economy,107720
TXL,CGN,economy,67215
TXL,CGN,economy,67215
CGN,TXL,economy,67215
MUC,CGN,economy,64971
HAM,CGN,economy,58798
MUC,PAD,economy,64315
MUC,PAD,economy,64315
TXL,CGN,economy,67215
HAM,CGN,economy,58798
HAM,CGN,economy,58798
CGN,HAM,economy,58798
CGN,TXL,economy,67215
TXL,CGN,economy,67215
CGN,HAM,economy,58798
CGN,TXL,economy,67215
DRS,FRA,economy,60841
DRS,FRA,economy,60841
TXL,DUS,economy,67608
CGN,HAM,economy,58798
HAM,CGN,economy,58798
CGN,MUC,economy,64971
MUC,PAD,economy,64315
MUC,PAD,economy,64315
FRA,TXL,economy,64644
FRA,TXL,economy,64644
MUC,CGN,economy,64971
MUC,CGN,economy,64971
MUC,CGN,economy,64971
MUC,CGN,economy,64971
CGN,TXL,economy,67215
CGN,MUC,economy,64971
TXL,CGN,economy,67215
HAM,CGN,economy,58798
HAM,CGN,economy,58798
TXL,CGN,economy,67215
CGN,HAM,economy,58798
STR,HAM,economy,73844
MUC,CGN,economy,64971
HAM,CGN,economy,58798
CGN,LEJ,economy,58526
MUC,CGN,economy,64971
DUS,MUC,economy,68928
FRA,HAM,economy,62983
ZRH,TXL,economy,81337
CGN,HAM,economy,58798
MUC,CGN,economy,64971
MUC,CGN,economy,64971
MUC,CGN,economy,64971
HAM,FRA,economy,62983
CGN,TXL,economy,67215
VIE,CGN,economy,87024
VIE,CGN,economy,87024
HAM,CGN,economy,58798
HAM,MUC,economy,77315
HAM,CGN,economy,58798
HAM,CGN,economy,58798
MUC,CGN,economy,64971
CGN,HAM,economy,58798
HAM,CGN,economy,58798
CGN,TXL,economy,67215
CGN,MUC,economy,64971
CGN,HAM,economy,58798
CGN,TXL,economy,67215
CGN,HAM,economy,58798
HAM,CGN,economy,58798
HAM,CGN,economy,58798
HAM,FRA,economy,62983
DRS,CGN,economy,67294
HAM,CGN,economy,58798
CGN,HAM,economy,58798
CGN,TXL,economy,67215
CGN,MUC,economy,64971
CGN,MUC,economy,64971
HAM,CGN,economy,58798
CGN,HAM,economy,58798
CGN,HAM,economy,58798
STR,HAM,economy,73844
HAM,CGN,economy,58798
TXL,CGN,economy,67215
CGN,MUC,economy,64971
HAM,MUC,economy,77315
CGN,TXL,economy,67215
CGN,TXL,economy,67215
MUC,CGN,economy,64971
TXL,DUS,economy,67608
CGN,HAM,economy,58798
MUC,CGN,economy,64971
MUC,CGN,economy,64971
MUC,CGN,economy,64971
MUC,CGN,economy,64971
CGN,HAM,economy,58798
MUC,CGN,economy,64971
CGN,MUC,economy,64971
CGN,HAM,economy,58798
MUC,CGN,economy,64971
ZRH,CGN,economy,61276
ZRH,CGN,economy,61276
ZRH,CGN,economy,61276
MUC,TXL,economy,68465
MUC,TXL,economy,68465
CGN,MUC,economy,64971
MUC,TXL,economy,68465
TXL,CGN,economy,67215
TXL,CGN,economy,67215
HAM,FRA,economy,62983
MUC,CGN,economy,64971
NUE,HAM,economy,67373
HAM,CGN,economy,58798
CGN,MUC,economy,64971
MUC,DUS,economy,68928
CGN,MUC,economy,64971
CGN,MUC,economy,64971
CGN,MUC,economy,64971
HAM,DUS,economy,56582
MUC,CGN,economy,64971
MUC,CGN,economy,64971
HAM,CGN,economy,58798
HAM,FRA,economy,62983
TXL,DUS,economy,67608
MUC,CGN,economy,64971
MUC,CGN,economy,64971
AMS,DUS,economy,38339
AMS,DUS,economy,38339
MUC,CGN,economy,64971
MUC,CGN,economy,64971
MUC,TXL,economy,68465
MUC,TXL,economy,68465
CGN,TXL,economy,67215
LEJ,FRA,economy,52769
LEJ,FRA,economy,52769
HAM,CGN,economy,58798
CGN,TXL,economy,67215
STR,DRS,economy,63985
MUC,TXL,economy,68465
MUC,CGN,economy,64971
CGN,HAM,economy,58798
CGN,HAM,economy,58798
CGN,MUC,economy,64971
CGN,HAM,economy,58798
CGN,HAM,economy,58798
CGN,HAM,economy,58798
TXL,CGN,economy,67215
HAM,FRA,economy,62983
CGN,MUC,economy,64971
MUC,DUS,economy,68928
CGN,TXL,economy,67215
CDG,DUS,economy,61362
CGN,MUC,economy,64971
CGN,MUC,economy,64971
HAM,FRA,economy,62983
MUC,CGN,economy,64971
TXL,CGN,economy,67215
CGN,MUC,economy,64971
LEJ,FRA,economy,52769
LEJ,FRA,economy,52769
MAN,MUC,economy,110231
MAN,MUC,economy,110231
MAN,FRA,economy,92432
MAN,FRA,economy,92432
MAN,FRA,economy,92432
MAN,FRA,economy,92432
MAN,FRA,economy,92432
MAN,FRA,economy,92432
MAN,FRA,economy,92432
MAN,FRA,economy,92432
ZRH,FRA,economy,51221
GRZ,FRA,economy,77870
GRZ,FRA,economy,77870
CGN,MUC,economy,64971
MUC,DTM,economy,67057
CGN,HAM,economy,58798
CGN,HAM,economy,58798
TXL,FRA,economy,64644
CGN,MUC,economy,64971
CGN,MUC,economy,64971
ZRH,FRA,economy,51221
TXL,FRA,economy,64644
MAN,MUC,economy,110231
MAN,MUC,economy,110231
MAN,FRA,economy,92432
MAN,FRA,economy,92432
MAN,FRA,economy,92432
MAN,FRA,economy,92432
MAN,FRA,economy,92432
MAN,FRA,economy,92432
MAN,FRA,economy,92432
MAN,FRA,economy,92432
GRZ,FRA,economy,77870
GRZ,FRA,economy,77870
FRA,HAM,economy,62983
ZRH,TXL,economy,81337
HAM,CGN,economy,58798
HAM,CGN,economy,58798
HAM,CGN,economy,58798
HAM,CGN,economy,58798
HAM,FRA,economy,62983
HAM,FRA,economy,62983
CGN,TXL,economy,67215
CGN,TXL,economy,67215
MUC,CGN,economy,64971
HAM,CGN,economy,58798
CGN,HAM,economy,58798
CGN,HAM,economy,58798
TXL,CGN,economy,67215
CGN,HAM,economy,58798
CGN,HAM,economy,58798
CGN,MUC,economy,64971
LEJ,CGN,economy,58526
HAM,CGN,economy,58798
CGN,MUC,economy,64971
CGN,MUC,economy,64971
FRA,HAM,economy,62983
CGN,MUC,economy,64971
CGN,MUC,economy,64971
CPH,DUS,economy,78628
FDH,DUS,economy,66022
CGN,HAM,economy,58798
CGN,HAM,economy,58798
CGN,HAM,economy,58798
CGN,MUC,economy,64971
NUE,HAM,economy,67373
CGN,HAM,economy,58798
HAM,CGN,economy,58798
HAM,CGN,economy,58798
CGN,MUC,economy,64971
CGN,MUC,economy,64971
CGN,MUC,economy,64971
TXL,CGN,economy,67215
MUC,CGN,economy,64971
CGN,HAM,economy,58798
CGN,HAM,economy,58798
FRA,TXL,economy,64644
CGN,MUC,economy,64971
VIE,CGN,economy,87024
VIE,CGN,economy,87024
VIE,DUS,economy,89687
CGN,HAM,economy,58798
FDH,DUS,economy,66022
CGN,HAM,economy,58798
CGN,MUC,economy,64971
CGN,HAM,economy,58798
CGN,HAM,economy,58798
CGN,HAM,economy,58798
CGN,MUC,economy,64971
CGN,MUC,economy,64971
MUC,CGN,economy,64971
CGN,MUC,economy,64971
CGN,MUC,economy,64971
LHR,FRA,economy,81002
CGN,HAM,economy,58798
FRA,TXL,economy,64644
LHR,FRA,economy,81002
FRA,HAM,economy,62983
MUC,CGN,economy,64971
CGN,MUC,economy,64971
CGN,MUC,economy,64971
CGN,MUC,economy,64971
CGN,HAM,economy,58798
ZRH,CGN,economy,61276
TXL,CGN,economy,67215
CGN,MUC,economy,64971
MUC,DUS,economy,68928
CGN,MUC,economy,64971
DUS,TXL,economy,67608
MUC,CGN,economy,64971
CGN,MUC,economy,64971
CGN,MUC,economy,64971
CGN,MUC,economy,64971
CGN,MUC,economy,64971
CGN,MUC,economy,64971
MUC,CGN,economy,64971
CGN,MUC,economy,64971
CGN,MUC,economy,64971
MUC,CGN,economy,64971
MUC,CGN,economy,64971
FRA,QYG,economy,146427
DEL,FRA,business,804023
FRA,QYG,economy,146427
DEL,FRA,business,804023
CGN,HAM,economy,58798
CGN,HAM,economy,58798
CGN,HAM,economy,58798
CGN,HAM,economy,58798
CGN,HAM,economy,58798
CGN,HAM,economy,58798
CGN,HAM,economy,58798
TXL,CGN,economy,67215
MUC,DUS,economy,68928
CGN,HAM,economy,58798
CGN,HAM,economy,58798
MUC,HAM,economy,77315
MUC,DUS,economy,68928
CGN,HAM,economy,58798
TXL,CGN,economy,67215
MUC,DUS,economy,68928
MUC,DUS,economy,68928
FRA,HAJ,economy,50694
FRA,HAJ,economy,50694
MUC,DUS,economy,68928
MUC,HAM,economy,77315
CGN,MUC,economy,64971
MAN,DUS,economy,81069
LEJ,CGN,economy,58526
MUC,CGN,economy,64971
CGN,HAM,economy,58798
CGN,HAM,economy,58798
CGN,HAM,economy,58798
CGN,MUC,economy,64971
CGN,MUC,economy,64971
MUC,CGN,economy,64971
CGN,HAM,economy,58798
CGN,HAM,economy,58798
CGN,HAM,economy,58798
CGN,MUC,economy,64971
CGN,MUC,economy,64971
CGN,MUC,economy,64971
MUC,TXL,economy,68465
MUC,CGN,economy,64971
MUC,CGN,economy,64971
CGN,HAM,economy,58798
CGN,TXL,economy,67215
CGN,TXL,economy,67215
TXL,CGN,economy,67215
MUC,CGN,economy,64971
CGN,HAM,economy,58798
CGN,HAM,economy,58798
CGN,HAM,economy,58798
CGN,MUC,economy,64971
HAM,CGN,economy,58798
STR,HAJ,economy,63736
MUC,CGN,economy,64971
TXL,CGN,economy,67215
HAM,CGN,economy,58798
LEJ,CGN,economy,58526
TXL,FRA,economy,64644
CGN,TXL,economy,67215
PMI,CGN,economy,120292
PMI,CGN,economy,120292
HAM,CGN,economy,58798
MUC,PAD,economy,64315
MUC,PAD,economy,64315
CGN,MUC,economy,64971
CGN,HAM,economy,58798
CGN,HAM,economy,58798
CGN,MUC,economy,64971
MUC,CGN,economy,64971
CGN,MUC,economy,64971
CGN,TXL,economy,67215
CGN,MUC,economy,64971
CGN,MUC,economy,64971
CGN,HAM,economy,58798
CGN,TXL,economy,67215
CGN,TXL,economy,67215
HAM,MUC,economy,77315
CGN,MUC,economy,64971
CGN,MUC,economy,64971
MUC,CGN,economy,64971
MUC,CGN,economy,64971
CGN,HAM,economy,58798
MUC,CGN,economy,64971
LEJ,CGN,economy,58526
MAN,FRA,economy,92432
CGN,MUC,economy,64971
MUC,CGN,economy,64971
MUC,CGN,economy,64971
MUC,CGN,economy,64971
CGN,TXL,economy,67215
MUC,DTM,economy,67057
MUC,DTM,economy,67057
HAM,MUC,economy,77315
TXL,CGN,economy,67215
MAN,FRA,economy,92432
MAN,FRA,economy,92432
MAN,DUS,economy,81069
CGN,MUC,economy,64971
MAN,FRA,economy,92432
CGN,MUC,economy,64971
MAN,FRA,economy,92432
MAN,FRA,economy,92432
MAN,FRA,economy,92432
MAN,FRA,economy,92432
CGN,MUC,economy,64971
CGN,HAM,economy,58798
MUC,TXL,economy,68465
CGN,HAM,economy,58798
CGN,TXL,economy,67215
CGN,HAM,economy,58798
HAM,CGN,economy,58798
LHR,HAM,economy,86960
TXL,FRA,economy,64644
MUC,CGN,economy,64971
LHR,HAM,economy,86960
TXL,FRA,economy,64644
MUC,HAM,economy,77315
CGN,HAM,economy,58798
CGN,HAM,economy,58798
TXL,CGN,economy,67215
LEJ,CGN,economy,58526
GWT,MUC,economy,88361
CGN,MUC,economy,64971
GWT,MUC,economy,88361
CGN,MUC,economy,64971
CGN,MUC,economy,64971
CGN,MUC,economy,64971
HAM,CGN,economy,58798
HAM,CGN,economy,58798
TXL,FRA,economy,64644
CGN,MUC,economy,64971
CGN,MUC,economy,64971
STR,HAJ,economy,63736
PMI,CGN,economy,120292
PMI,CGN,economy,120292
CGN,HAM,economy,58798
CGN,MUC,economy,64971
CGN,MUC,economy,64971
CGN,MUC,economy,64971
CGN,MUC,economy,64971
CGN,MUC,economy,64971
CGN,MUC,economy,64971
CGN,MUC,economy,64971
GWT,DUS,economy,63402
CGN,MUC,economy,64971
CGN,MUC,economy,64971
CGN,MUC,economy,64971
TXL,FRA,economy,64644
DUS,MUC,economy,68928
DUS,MUC,economy,68928
TXL,FRA,economy,64644
GWT,DUS,economy,63402
CGN,TXL,economy,67215
TXL,CGN,economy,67215
CGN,MUC,economy,64971
HAM,CGN,economy,58798
TXL,CGN,economy,67215
HAM,CGN,economy,58798
TXL,STR,economy,71276
CGN,TXL,economy,67215
TXL,CGN,economy,67215
CGN,HAM,economy,58798
CGN,TXL,economy,67215
CGN,TXL,economy,67215
CGN,DRS,economy,67294
CGN,TXL,economy,67215
CGN,MUC,economy,64971
HAM,CGN,economy,58798
CGN,MUC,economy,64971
CGN,TXL,economy,67215
CGN,MUC,economy,64971
TXL,CGN,economy,67215
CGN,MUC,economy,64971
TXL,CGN,economy,67215
HAM,CGN,economy,58798
CGN,HAM,economy,58798
CGN,TXL,economy,67215
CGN,TXL,economy,67215
TXL,CGN,economy,67215
CGN,MUC,economy,64971
MUC,CGN,economy,64971
MUC,CGN,economy,64971
CGN,MUC,economy,64971
CGN,MUC,economy,64971
TXL,STR,economy,71276
CGN,DRS,economy,67294
TXL,CGN,economy,67215
CGN,TXL,economy,67215
CGN,TXL,economy,67215
CGN,MUC,economy,64971
CGN,HAM,economy,58798
TXL,STR,economy,71276
CGN,TXL,economy,67215
CGN,PMI,economy,120292
STR,TXL,economy,71276
MUC,CGN,economy,64971
MUC,HAM,economy,77315
CGN,TXL,economy,67215
TXL,CGN,economy,67215
TXL,DUS,economy,67608
HAM,DUS,economy,56582
CGN,HAM,economy,58798
CGN,HAM,economy,58798
CGN,HAM,economy,58798
CGN,HAM,economy,58798
CGN,TXL,economy,67215
CGN,TXL,economy,67215
HAM,CGN,economy,58798
CGN,HAM,economy,58798
HAM,CGN,economy,58798
HAM,CGN,economy,58798
HAM,CGN,economy,58798
CGN,HAM,economy,58798
TXL,CGN,economy,67215
CGN,MUC,economy,64971
CGN,MUC,economy,64971
TXL,STR,economy,71276
CGN,PMI,economy,120292
CGN,TXL,economy,67215
CGN,TXL,economy,67215
MUC,DUS,economy,68928
MUC,DUS,economy,68928
CGN,MUC,economy,64971
STR,TXL,economy,71276
TXL,FRA,economy,64644
TXL,FRA,economy,64644
MUC,CGN,economy,64971
HAM,DUS,economy,56582
CGN,HAM,economy,58798
CGN,TXL,economy,67215
FRA,TXL,economy,64644
FRA,TXL,economy,64644
FRA,TXL,economy,64644
MUC,CGN,economy,64971
MUC,CGN,economy,64971
TXL,CGN,economy,67215
FRA,HAM,economy,62983
HAM,CGN,economy,58798
HAM,CGN,economy,58798
TXL,CGN,economy,67215
FRA,HAM,economy,62983
CGN,TXL,economy,67215
CGN,HAM,economy,58798
CGN,TXL,economy,67215
CGN,HAM,economy,58798
CGN,TXL,economy,67215
FRA,TXL,economy,64644
TXL,MUC,economy,68465
TXL,DUS,economy,67608
FRA,HAM,economy,62983
CGN,HAM,economy,58798
CGN,HAM,economy,58798
HAM,CGN,economy,58798
FRA,HAM,economy,62983
CGN,HAM,economy,58798
CGN,HAM,economy,58798
CGN,HAM,economy,58798
CGN,HAM,economy,58798
TXL,CGN,economy,67215
HAM,CGN,economy,58798
MUC,HAM,economy,77315
TXL,MUC,economy,68465
CGN,HAM,economy,58798
MUC,CGN,economy,64971
CGN,HAM,economy,58798
MUC,CGN,economy,64971
CGN,HAM,economy,58798
CGN,HAM,economy,58798
CGN,HAM,economy,58798
DUS,LEJ,economy,60227
CGN,DRS,economy,67294
STR,HAM,economy,73844
TXL,CGN,economy,67215
CGN,HAM,economy,58798
CGN,HAM,economy,58798
VIE,CGN,economy,87024
HAM,CGN,economy,58798
CGN,HAM,economy,58798
CGN,TXL,economy,67215
CGN,TXL,economy,67215
CGN,TXL,economy,67215
DUS,DRS,economy,69082
CGN,TXL,economy,67215
DRS,DUS,economy,69082
HAM,CGN,economy,58798
DRS,CGN,economy,67294
CGN,HAM,economy,58798
TXL,STR,economy,71276
CGN,MUC,economy,64971
CGN,TXL,economy,67215
MUC,CGN,economy,64971
MUC,CGN,economy,64971
STR,HAM,economy,73844
TXL,CGN,economy,67215
VIE,CGN,economy,87024
VIE,DUS,economy,89687
VIE,DUS,economy,89687
CGN,TXL,economy,67215
CGN,HAM,economy,58798
CGN,HAM,economy,58798
CGN,HAM,economy,58798
CGN,HAM,economy,58798
CGN,DRS,economy,67294
HAM,CGN,economy,58798
CGN,TXL,economy,67215
DUS,LEJ,economy,60227
CGN,HAM,economy,58798
CGN,MUC,economy,64971
CGN,TXL,economy,67215
TXL,FRA,economy,64644
HAM,CGN,economy,58798
TXL,STR,economy,71276
DUS,DRS,economy,69082
DRS,DUS,economy,69082
TXL,FRA,economy,64644
TXL,FRA,economy,64644
CGN,HAM,economy,58798
CGN,HAM,economy,58798
CGN,HAM,economy,58798
DRS,CGN,economy,67294
TXL,FRA,economy,64644
CGN,HAM,economy,58798
BER,CGN,economy,67686
TXL,CGN,economy,67215
HAM,DUS,economy,56582
CGN,HAM,economy,58798
CGN,TXL,economy,67215
CGN,TXL,economy,67215
MUC,CGN,economy,64971
CGN,HAM,economy,58798
CGN,TXL,economy,67215
CGN,TXL,economy,67215
CGN,TXL,economy,67215
TXL,CGN,economy,67215
HAM,CGN,economy,58798
HAM,CGN,economy,58798
CGN,TXL,economy,67215
CGN,TXL,economy,67215
MUC,CGN,economy,64971
TXL,DUS,economy,67608
TXL,CGN,economy,67215
CGN,HAM,economy,58798
TXL,CGN,economy,67215
TXL,CGN,economy,67215
DUS,HAM,economy,56582
MUC,CGN,economy,64971
CGN,TXL,economy,67215
CGN,TXL,economy,67215
MUC,CGN,economy,64971
CGN,DRS,economy,67294
HAM,STR,economy,73844
CGN,TXL,economy,67215
TXL,CGN,economy,67215
CGN,TXL,economy,67215
CGN,TXL,economy,67215
CGN,MUC,economy,64971
CGN,MUC,economy,64971
TXL,CGN,economy,67215
CGN,TXL,economy,67215
CGN,TXL,economy,67215
TXL,CGN,economy,67215
CGN,MUC,economy,64971
CGN,MUC,economy,64971
LEJ,MUC,economy,56864
CGN,MUC,economy,64971
CGN,TXL,economy,67215
MUC,CGN,economy,64971
TXL,CGN,economy,67215
TXL,CGN,economy,67215
CGN,MUC,economy,64971
MUC,CGN,economy,64971
MUC,CGN,economy,64971
MUC,CGN,economy,64971
CGN,HAM,economy,58798
FRA,TXL,economy,64644
FRA,TXL,economy,64644
HAM,CGN,economy,58798
HAM,DUS,economy,56582
CGN,TXL,economy,67215
LEJ,MUC,economy,56864
CGN,MUC,economy,64971
CGN,MUC,economy,64971
CGN,MUC,economy,64971
DUS,HAM,economy,56582
CGN,TXL,economy,67215
CGN,TXL,economy,67215
HAM,STR,economy,73844
CGN,MUC,economy,64971
TXL,CGN,economy,67215
CGN,HAM,economy,58798
CGN,TXL,economy,67215
TXL,DUS,economy,67608
TXL,CGN,economy,67215
CGN,TXL,economy,67215
CGN,MUC,economy,64971
CGN,MUC,business,85274
CGN,HAM,economy,58798
HAM,CGN,economy,58798
BER,FRA,economy,64562
CGN,DRS,economy,67294
BER,FRA,economy,64562
BER,CGN,economy,67686
CGN,HAM,economy,58798
CGN,HAM,economy,58798
CGN,TXL,economy,67215
HAM,CGN,economy,58798
CGN,MUC,economy,64971
CGN,TXL,economy,67215
CGN,MUC,economy,64971
TXL,CGN,economy,67215
HAM,CGN,economy,58798
CGN,HAM,economy,58798
TXL,CGN,economy,67215
CGN,TXL,economy,67215
CGN,MUC,economy,64971
CGN,MUC,economy,64971
TXL,CGN,economy,67215
CGN,MUC,economy,64971
CGN,MUC,economy,64971
TXL,CGN,economy,67215
CGN,TXL,economy,67215
CGN,MUC,economy,64971
CGN,MUC,economy,64971
CGN,MUC,economy,64971
HAM,CGN,economy,58798
HAM,CGN,economy,58798
CGN,BER,economy,67686
CGN,BER,economy,67686
CGN,HAM,economy,58798
CGN,MUC,economy,64971
CGN,BER,economy,67686
CGN,MUC,economy,64971
CGN,MUC,economy,64971
MUC,CGN,economy,64971
CGN,MUC,economy,64971
CGN,MUC,economy,64971
CGN,MUC,economy,64971
FRA,HAM,economy,62983
FRA,HAM,economy,62983
CGN,MUC,economy,64971
MUC,CGN,economy,64971
CGN,BER,economy,67686
CGN,MUC,economy,64971
CGN,MUC,economy,64971
CGN,MUC,economy,64971
CGN,MUC,economy,64971
CGN,MUC,economy,64971
CGN,MUC,economy,64971
CGN,MUC,economy,64971
CGN,MUC,economy,64971
EDI,LCY,economy,73264
EDI,LCY,economy,73264
MUC,CGN,economy,64971
DUS,MUC,economy,68928
MUC,FRA,economy,52565
CGN,MUC,economy,64971
MUC,FRA,economy,52565
CGN,MUC,economy,64971
QKL,FRA,economy,146427
QKL,FRA,economy,146427
QKL,FRA,economy,146427
QKL,FRA,economy,146427
QKL,FRA,economy,146427
QKL,FRA,economy,146427
BRE,FRA,economy,56204
BRE,FRA,economy,56204
BRE,FRA,economy,56204
BRE,FRA,economy,56204
STR,FRA,economy,35139
STR,FRA,economy,35139
STR,FRA,economy,35139
STR,FRA,economy,35139
CGN,MUC,economy,64971
CGN,MUC,economy,64971
CGN,MUC,economy,64971
CGN,MUC,economy,64971
FRA,DEN,economy,520292
FRA,DEN,economy,520292
FRA,DEN,economy,520292
FRA,DEN,economy,520292
FRA,DEN,economy,520292
FRA,DEN,economy,520292
FRA,MAN,economy,92432
FRA,MAN,economy,92432
FRA,MAN,economy,92432
FRA,MAN,economy,92432
FRA,JFK,economy,378735
FRA,JFK,economy,378735
FRA,JFK,economy,378735
FRA,JFK,economy,378735
MUC,TXL,economy,68465
MUC,TXL,economy,68465
MUC,TXL,economy,68465
MUC,TXL,economy,68465
DEN,LAS,economy,103128
DEN,LAS,economy,103128
DEN,LAS,economy,103128
DEN,LAS,economy,103128
DEN,LAS,economy,103128
DEN,LAS,economy,103128
MAN,FRA,economy,92432
MAN,FRA,economy,92432
MAN,FRA,economy,92432
MAN,FRA,economy,92432
JFK,FRA,economy,378735
JFK,FRA,economy,378735
JFK,FRA,economy,378735
JFK,FRA,economy,378735
TXL,MUC,economy,68465
TXL,MUC,economy,68465
TXL,MUC,economy,68465
TXL,MUC,economy,68465
LAS,LAX,economy,60227
LAS,LAX,economy,60227
LAS,LAX,economy,60227
LAS,LAX,economy,60227
LAS,LAX,economy,60227
LAS,LAX,economy,60227
FRA,BRE,economy,56204
FRA,BRE,economy,56204
FRA,BRE,economy,56204
FRA,BRE,economy,56204
FRA,STR,economy,35139
FRA,STR,economy,35139
FRA,STR,economy,35139
FRA,STR,economy,35139
MUC,CGN,economy,64971
MUC,CGN,economy,64971
MUC,CGN,economy,64971
MUC,CGN,economy,64971
LAX,FRA,economy,622697
LAX,FRA,economy,622697
LAX,FRA,economy,622697
LAX,FRA,economy,622697
LAX,FRA,economy,622697
LAX,FRA,economy,622697
